Church Name,County,Denomination,Location
Abbeville,Abbeville,A.R.P.,
Abbeville,Abbeville,Southern Baptist,
Abbeville,Abbeville,Congregational Holiness,
Abbeville,Abbeville,Pentecostal Holiness,
Abbeville,Abbeville,Presbyterian,
Allen Chapel,Abbeville,A.M.E.,
Bell's Chapel,Abbeville,M.E.,
Bethel,Abbeville,M.E.,
Bethia,Abbeville,Presbyterian,
Bethlehem,Abbeville,A.R.P.,
Beulah,Abbeville,Southern Baptist,
Broadmouth,Abbeville,S.B.C.,
Brownah A.M.E. Calhoun Falls,Abbeville,A.M.E.,
Calhoun Falls,Abbeville,Methodist,
Calhoun Falls,Abbeville,Presbyterian,
Campfield,Abbeville,Negro Baptist,
Cedar Springs,Abbeville,A.R.P.,
Abbeville,Abbeville,Church of God,
"Church of God, Abbeville",Abbeville,Church of God,
Clear Spring,Abbeville,A.M.E.,
Cypress Chapel,Abbeville,A.M.E.,
Donalds,Abbeville,S.B.C.,
Donalds,Abbeville,M.E.S.,
Donalds,Abbeville,Presbyterian,
Due West,Abbeville,A.R.P.,
Due West,Abbeville,S.B.C.,
Ebenezer,Abbeville,M.E.,
Fairfield,Abbeville,Negro Baptist,
"First S.B.C., Abbeville",Abbeville,S.B.C.,
Flatrock,Abbeville,A.M.E.,
Forksville,Abbeville,Negro Baptist Church of Christ,
Friendship,Abbeville,Negro Baptist,
Gilgal,Abbeville,M.E.S.,
Grace Chapel,Abbeville,A.M.E.,
Grace,Abbeville,M.E.S.,
Jacob Chapel,Abbeville,A.M.E.,
John's Creek,Abbeville,Negro Baptist,
Keowee,Abbeville,S.B.C.,
Lebanon,Abbeville,Presbyterian,
Little Mountain,Abbeville,A.M.E.,
Little Mountain,Abbeville,Presbyterian,
Little River,Abbeville,S.B.C.,
Little Rock Buffalo,Abbeville,Negro Baptist,
Long Cane,Abbeville,A.M.E.,
Lowndesville,Abbeville,S.B.C.,
Main Street,Abbeville,M.E.S.,
Midway,Abbeville,S.B.C.,
Moor's Chapel,Abbeville,Fire Baptism Holiness Church of God of America (Negro),
Mt. Calvary,Abbeville,Negro Baptist,
Mt. Canaan,Abbeville,Negro Baptist,
Mt. Clement,Abbeville,Negro M.E.,
Mt. Lebanon,Abbeville,A.M.E.,
Mt. Olive,Abbeville,A.M.E.,
Mt. Olive,Abbeville,Negro Baptist,
Mt. Pleasant,Abbeville,Negro Baptist,
Mt. Zion,Abbeville,A.M.E.,
Mt. Zion,Abbeville,Presbyterian (Negro),
Mulberry,Abbeville,A.M.E.,
Pleasant Grove,Abbeville,A.M.E.,
Poplar Grove,Abbeville,Negro Baptist,
Providence,Abbeville,Presbyterian,
Rocky River,Abbeville,Presbyterian,
Rocky River,Abbeville,S.B.C.,
St. James,Abbeville,A.M.E.,
St. John's,Abbeville,A.M.E.,
St. John's,Abbeville,A.M.E.,
St. Luke,Abbeville,C.M.E.,
St. Mary,Abbeville,Negro Baptist,
St. Peter,Abbeville,A.M.E.,
Salem,Abbeville,Negro Baptist,
Salem,Abbeville,Negro Baptist,
Shady Grove,Abbeville,A.M.E.,
Sharon,Abbeville,M.E.S.,
Shiloh,Abbeville,Methodist,
Smyrna,Abbeville,M.E.,
Southside,Abbeville,S.B.C.,
Springfield,Abbeville,Negro Baptist,
Springfield,Abbeville,Negro Baptist,
Tabernacle,Abbeville,A.M.E.,
Trinity,Abbeville,Episcopal,
Union,Abbeville,Negro Baptist,
Upper Long Cane,Abbeville,Presbyterian,
Walnut Grove,Abbeville,Negro Baptist,
Warrenton,Abbeville,Presbyterian,
Washington Street,Abbeville,Presbyterian (Negro),
Wilson Creek Negro Baptist #2,Abbeville,Negro Baptist,
Zion,Abbeville,Fire Baptized Holiness Church of God of America (Negro),
"St. John's M.E.S., Aiken",Aiken,M.E.S.,
Aiken First Baptist (formerly Treadway S.B.C.),Aiken,Baptist,
Aiken,Aiken,Presbyterian,
"Adeth Jeshurun Jewish Congregation, Aiken",Aiken,Jewish Congregation,
"St. Paul's Ev. Lutheran, Aiken",Aiken,Ev. Lutheran,
"St. Thaddeus Episcopal, Aiken",Aiken,Episcopal,
Bell Grove,Aiken,Negro Baptist,
Springfield,Aiken,Negro Baptist,
Mt. Sinai,Aiken,Negro Baptist,
"Church of God, Holiness",Aiken,"Church of God, Holiness",Langley
"Church of God, Holiness",Aiken,"Church of God, Holiness",Warrenville
Eureka,Aiken,S.B.C.,
Shiloh,Aiken,S.B.C.,
Vaucluse,Aiken,S.B.C.,
Vaucluse,Aiken,M.E.S,
Friendship,Aiken,Negro Baptist,Aiken
Cumberland,Aiken,A.M.E.,
Union,Aiken,Negro Baptist,
Randol Branch,Aiken,Negro Baptist,
Zion Hill,Aiken,Negro Baptist,
Mt. Calvary,Aiken,Ev. Lutheran,
Union,Aiken,Negro Baptist,
Antioch,Aiken,Negro Baptist,Vaucluse
Jerusalem,Aiken,Negro Baptist,
Beaver Dam,Aiken,Negro Baptist,
Mt. Pleasant,Aiken,S.B.C.,
St. Luke,Aiken,A.M.E.,Vaucluse
Rocky Grove,Aiken,S.B.C.,
Wagner,Aiken,S.B.C.,Wagner
Mt. Ebal,Aiken,S.B.C.,
Mt. Pleasant,Aiken,S.B.C.,
St. Mary's,Allendale,Roman Catholic,
Allendale First,Allendale,S.B.C.,
Swallow Savannah,Allendale,M.E.S.,
Smyrna,Allendale,S.B.C.,
Happy Home,Allendale,Negro Baptist,Allendale
Allendale,Allendale,Presbyterian,
Bethlehem,Allendale,S.B.C.,Fairfax
Lower Three Runs,Allendale,S.B.C.,
Mt. Arnold,Allendale,S.B.C.,
Paul's Chapel,Allendale,Negro Baptist,Ulmers
Sycamore,Allendale,S.B.C.,Sycamore
St. John's,Allendale,Holiness Church of God (Negro),
St. John's,Allendale,Negro Baptist,Sycamore
Mt. Calvary,Allendale,Negro Baptist,
Miller Swamp,Allendale,Negro Baptist,
New Zion,Allendale,Negro Baptist,Seigling
Rock Hill,Allendale,Disciples of Christ (Negro),Sycamore
Virgin Mary,Allendale,Negro Baptist,
Irvington,Allendale,Negro Baptist,
St. Nicholas',Allendale,United Evangelical Lutheran,
Bethel,Allendale,S.B.C.,
Harmony,Allendale,S.B.C.,
Mt. Pleasant,Allendale,Primitive Baptist,
Antioch,Allendale,Disciples of Christ,
Galilee,Allendale,Negro Baptist,Appleton
Beulah,Allendale,Negro Baptist,Baldock
Bentley,Allendale,A.M.E.,Appleton
New Hope,Allendale,Negro M.E.,
Allen Chapel,Allendale,A.M.E.,
Second Calvary,Allendale,Negro Baptist,
Seigling,Allendale,C.M.E.,Seigling
Great Salkehatchie,Allendale,S.B.C.,Ulmers
Beautiful Gate,Allendale,Negro Baptist,
St. Mark,Allendale,Negro Baptist,
Holy Communion,Allendale,Episcopal,Allendale
Sandy Springs,Anderson,M.E.S.,Sandy Springs
Mt. Zion,Anderson,Presbyterian,
Mt. Bethel,Anderson,S.B.C.,
Diamond Hill,Anderson,A.R.P.,
Concord,Anderson,A.R.P.,
Hopewell,Anderson,Presbyterian,Pendleton
Midway,Anderson,Presbyterian,
First,Anderson,Presbyterian,Anderson
Roberts,Anderson,Presbyterian,
"Church of God, Holiness",Anderson,"Church of God, Holiness",Anderson
Anderson,Anderson,A.R.P.,
Bethel,Anderson,M.E.S.,Anderson
Riverside,Anderson,S.B.C.,Anderson
Gluck Mill,Anderson,M.E.S.,Anderson
Gluck Mill,Anderson,S.B.C.,Anderson
Holy Trinity,Anderson,(Kreps Memorial) Lutheran,Anderson
Anderson Second,Anderson,S.B.C.,Anderson
Concord,Anderson,S.B.C.,
L.D.S.,Anderson,(Mormon),Anderson
Pentecostal Fire Baptist Holiness,Anderson,Pentecostal Fire Baptist Holiness,Anderson
New Hope,Anderson,M.E.S.,
Smith's Chapel,Anderson,M.E.S.,
St. John's,Anderson,M.E.S.,Anderson
New Prospect,Anderson,S.B.C.,
Oakwood,Anderson,S.B.C.,Anderson
Verennes,Anderson,Presbyterian,
St. Paul's,Anderson,Episcopal,Anderson
Trinity,Anderson,M.E.S.,
Toxaway,Anderson,M.E.S.,
Refuge,Anderson,S.B.C.,
Pendleton,Anderson,S.B.C.,
Lebanon,Anderson,S.B.C.,
Salem,Anderson,S.B.C.,
Mt. Tabor,Anderson,S.B.C.,
Sharon,Anderson,M.E.S.,
Zion,Anderson,M.E.S.,
Orrville,Anderson,M.E.S.,Anderson
Orrville,Anderson,S.B.C.,Anderson
King David,Anderson,Negro Baptist,
New Prospect,Anderson,Negro Baptist,
Six and Twenty,Anderson,S.B.C.,
Pendleton,Anderson,S.B.C.,Pendleton
"Church of God, Holiness",Anderson,"Church of God, Holiness",LaF_rance
LaF_rance ship,Anderson,S.B.C.,
LaFrance,Anderson,,
White Field,Anderson,S.B.C.,
Eureka,Anderson,S.B.C.,
Friend,Anderson,S.B.C.,
Pendleton,Anderson,M.E.S.,Pendleton
Welfare,Anderson,Negro Baptist,
Mountain Springs,Anderson,Negro Baptist,Anderson
Deep Creek,Anderson,M.E. (Negro),
Bethesda,Anderson,M.E.S.,
Mt. Airy,Anderson,S.B.C.,
Neal's Creek,Anderson,S.B.C.,
Shiloh,Anderson,M.E.S.,
Wesley Chapel,Anderson,M.E.S.,
Union Grove,Anderson,M.E.S.,Anderson
Dorchester,Anderson,S.B.C.,
Beulah,Anderson,M.E.S.,
White Plains,Anderson,S.B.C.,Anderson
Belton First,Anderson,S.B.C.,Belton
Belton,Anderson,M.E.S.,Belton
Shady Grove,Anderson,S.B.C.,
Belton,Anderson,Presbyterian,Belton
Mt. Pisgah,Anderson,S.B.C.,
Beaverdam,Anderson,S.B.C.,
Corinth First,Anderson,S.B.C.,
Friendship,Anderson,S.B.C.,
Fairview,Anderson,Methodist Protestant,
Cedar Grove S.B.C. New Hope,Anderson,Missionary Baptist (Negro),
New Hopewell,Anderson,Missionary Baptist (Negro),
B'Nai Israel Orthodox &,Anderson,Reform Jewish Congregation,Anderson
Church of God,Anderson,Church of God,Honea Path
Chignola,Anderson,S.B.C.,Honea Path
Honea Path,Anderson,S.B.C.,Honea Path
Trinity,Anderson,M.E.S.,Honea Path
Chignola,Anderson,M.E.S.,Honea Path
Big Creek,Anderson,S.B.C.,Williamston
"Church of God, Holiness",Anderson,"Church of God, Holiness","at Kelley's Crossing, Williamston"
Williamston First,Anderson,S.B.C.,Williamston
Williamston,Anderson,Presbyterian,Williamston
Williamston Second,Anderson,S.B.C.,Williamston
Wesley,Anderson,Methodist (Wesleyan Methodist),Williamston
Piedmont,Anderson,Presbyterian,Piedmont
Wesleyan Methodist Church (Wesleyan Methodist),Anderson,Wesleyan Methodist,Piedmont
Williamston Mill,Anderson,Methodist,Williamston
Grace,Anderson,Methodist,Williamston
Tabernacle,Anderson,S.B.C.,Pelzer
Wesleyan Methodist,Anderson,Wesleyan Methodist,Pelzer
Victoria,Anderson,Holiness,Williamston
Anderson First,Anderson,S.B.C.,Pelzer
Pelzer,Anderson,Presbyterian,Pelzer
Anderson,Anderson,Methodist,Pelzer
"Church of God, Holiness",Anderson,"Church of God, Holiness",Pelzer
"Church of God, Holiness",Anderson,"Church of God, Holiness",West Pelzer
Brown-Salem M.E. Belton,Anderson,,
Holiness,Anderson,Holiness,Belton
Bethlehem,Anderson,A.M.E.,Belton
Springfield,Anderson,Negro Baptist,Belton
New Broadmouth,Anderson,Negro Baptist,
St. James,Anderson,M.E. (Negro),
Liberty,Anderson,Negro Baptist,Honea Path
Mt. Zion,Anderson,Negro Baptist,Belton
St. Paul,Anderson,C.M.E.,Honea Path
Bethel,Anderson,M.E. (Negro),Williamston
New Prospect,Anderson,Negro Baptist,Williamston
Pleasant Hill,Anderson,Negro Baptist,
Cedar Grove,Anderson,Baptist,
Wesleyan Methodist,Anderson,Wesleyan Methodist,Iva
Grove,Anderson,A.R.P.,
Barker's Creek,Anderson,S.B.C.,
Honea Path,Anderson,Presbyterian,Honea Path
Starr,Anderson,S.B.C.,Starr
Martin Grove,Anderson,Fire Baptized Holiness,
Poplar Springs,Anderson,S.B.C.,
Good Hope,Anderson,Presbyterian,Ira
Ira,Anderson,Pentecostal Holiness,Ira
Ira,Anderson,S.B.C.,Ira
Good Hope,Anderson,S.B.C.,
Good Will,Anderson,C.M.E.,Starr
St. Paul,Anderson,A.M.E.,Ira
Cross Roads,Anderson,C.M.E.,
Mountain View C.M.E. Shiloh,Anderson,Negro Baptist,
Bethlehem,Anderson,C.M.E.,
Generostes,Anderson,A.R.P.,
Triangle,Anderson,S.B.C.,
Flat Rock,Anderson,S.B.C.,
Flat Rock,Anderson,Presbyterian,
Ira,Anderson,A.R.P.,Ira
New Bethlehem,Anderson,Methodist,
Double Springs,Anderson,S.B.C.,
Pleasant Grove,Anderson,Negro Baptist,
Jefferson Chapel,Anderson,A.M.E.,
Providence,Anderson,Methodist,
Bethel,Anderson,Methodist,Ira
Ruhamah,Anderson,Methodist,
Mt. Sinai,Anderson,Methodist (Negro),
New Harmony,Anderson,Methodist (Negro),
Mt. Olive,Anderson,Negro Baptist,
Springfield,Anderson,Methodist (Negro),
Mt. Moriah,Anderson,Negro Baptist,
Mountain Creek,Anderson,S.B.C.,
Union,Anderson,S.B.C.,
Liberty,Anderson,S.B.C.,
Fellowship,Anderson,S.B.C.,
Hebron,Anderson,Methodist,
Fellowship,Anderson,Wesleyan Methodist,
New Bethlehem,Anderson,Lutheran,Townville
Mt. Herman,Anderson,Negro Baptist,
Generostee,Anderson,Negro Baptist,
Evergreen,Anderson,M.E. (Negro),
McNeely,Anderson,Holiness,
Oakdale,Anderson,Baptist,
Wilson's Creek Negro Baptist No. 1,Anderson,Negro Baptist,
Pleasant View,Anderson,Negro Baptist,
New Mt. Pisgah,Anderson,Negro Baptist,
Fairfield,Anderson,C.M.E.,
Evergreen,Anderson,Negro Baptist,
Salem,Anderson,Negro Baptist,
St. Peter,Anderson,A.M.E.,
Mt. Sinai,Anderson,A.M.E.,
Mt. Abel,Anderson,Negro Baptist,
New Light,Anderson,Negro Baptist,
Holly Springs,Anderson,Negro Baptist,
Oak View,Anderson,Negro Baptist,
Holly Creek,Anderson,Negro Baptist,
Shiloh S.B.C. (also known as Shockley's Ferry,Anderson,Baptist,Big Generostee Baptist)
Carswell,Anderson,S.B.C.,
Barnett's Grove,Anderson,Fire Baptized Holiness,
Oak Grove,Anderson,S.B.C.,
Guthrie Grove Church of God of Abrahamic Faith,Anderson,,
New Hope,Anderson,S.B.C.,
King's Chapel,Anderson,A.M.E.,Pendleton
Welcome,Anderson,S.B.C.,
North Side,Anderson,S.B.C.,Anderson
St. Joseph,Anderson,Catholic,Anderson
Sunset Forest,Anderson,Negro Baptist,
Sweet Canaan,Anderson,Negro Baptist,
Bethel,Anderson,Methodist (Negro),Pendleton
New Mt. Grove,Anderson,Baptist,
Wilson Calvary,Anderson,Negro Baptist,Anderson
Rock Hill,Anderson,Negro Baptist,
New Prospect Negro Baptist No. 2,Anderson,Negro Baptist,
Fair View,Anderson,A.M.E.,
Ebenezer,Anderson,Negro Baptist,
Townville,Anderson,S.B.C.,Townville
Bethany,Anderson,S.B.C.,
Starr,Anderson,Methodist,Starr
Asbury,Anderson,Methodist,
Pine Grove,Anderson,Baptist,
Long Branch,Anderson,S.B.C.,
Thompson Centennial,Anderson,Methodist (Negro),Anderson
Salem,Anderson,Presbyterian (Negro),Anderson
St. James,Bamberg,M.E.S.,Erhardt
Erhardt,Bamberg,S.B.C.,Erhardt
Erhardt Memorial,Bamberg,United Evangelical Lutheran,Erhardt
First,Bamberg,Christian (Disciples of Christ. Negro.),Erhardt
Bamberg,Bamberg,Presbyterian,Bamberg
Bamberg,Bamberg,Pentecostal Holiness,Bamberg
Savannah Creek,Bamberg,Negro Baptist,Erhardt
Bamberg,Bamberg,S.B.C.,Bamberg
Trinity,Bamberg,M.E.S.,Bamberg
Mt. Carmel,Bamberg,Methodist,Bamberg
Thankful,Bamberg,Negro Baptist,Bamberg
Denmark,Bamberg,Presbyterian,Denmark
Bethel Park,Bamberg,M.E.S,Denmark
Bethel,Bamberg,M.E.S.,Olar
Ghents Branch,Bamberg,S.B.C.,
Denmark,Bamberg,S.B.C.,Denmark
Bethel,Bamberg,A.M.E.,Denmark
Central,Bamberg,Negro Baptist,Denmark
Rome,Bamberg,Negro Baptist,Denmark
Franklin,Bamberg,M.E. (Negro),Denmark
Govan,Bamberg,S.B.C.,Govan
South Side,Bamberg,M.E.S.,Bamberg
Colston Branch,Bamberg,S.B.C.,
Mt. Herman,Bamberg,Negro Baptist,
St. John's,Bamberg,Negro Baptist,Bamberg
Ebenezer,Bamberg,C.M.E.,
Springtown,Bamberg,Negro Baptist,
Mizpah,Bamberg,M.E.S.,
Salem,Bamberg,M.E.S.,
Kearse's Chapel,Bamberg,M.E.S.,
Barnwell,Barnwell,Presbyterian,Barnwell
Barnwell,Barnwell,M.E.S.,Barnwell
Church of the Holy Apostles,Barnwell,Episcopal,Barnwell
Barnwell,Barnwell,S.B.C.,Barnwell
St. Andrew's,Barnwell,Roman Catholic,Barnwell
Baptist Church of Beaufort,Beaufort,(S.B.C.),Beaufort
Beaufort First,Beaufort,Presbyterian,Beaufort
Berean,Beaufort,Presbyterian (Negro),Beaufort
Beth Israel,Beaufort,Jewish Congregation,Beaufort
Carteret Street,Beaufort,M.E.S.,Beaufort
Central,Beaufort,Negro Baptist,Beaufort
Church of the Living God Pillar & Ground Truth,Beaufort,Sanctified,Beaufort
First,Beaufort,African Negro Baptist,Beaufort
Grace Chapel,Beaufort,A.M.E.,Beaufort
Lebeco,Beaufort,M.E.S.,Lebeco
C.M.E.,Beaufort,C.M.E.,Beaufort
St. Helena's Island Chapel of Ease,Beaufort,(Episcopal),
St. Andrew's,Beaufort,Roman Catholic,Pritchardville
St. Anthony's,Beaufort,Roman Catholic,Hardeeville
St. Helena's,Beaufort,Episcopal,Beaufort
St. Peter's,Beaufort,Roman Catholic,Beaufort
"Sheldon Church (""Burnt Church"") of Prince William's Parish",Beaufort,,Sheldon Township
Apii,Berkeley,Methodist Episcopal,South
Berea,Berkeley,M.E.S.,
Bethel,Berkeley,Negro M.E.,
Bethlehem,Berkeley,Negro Methodist Protestant,
Black Creek,Berkeley,M.E.S.,
Bonneau,Berkeley,Missionary Baptist,
Chapel of Our Saviour,Berkeley,,Mt. Holly
Christian Church (Disciples of Christ),Berkeley,Christian,St. Stephens
Church of Jesus Christ of Latter-Day Saints,Berkeley,Church of Jesus Christ of Latter-Day Saints,
Bethera Cordesville,Berkeley,Southern Baptist,
Day Dawn,Berkeley,Negro Missionary Baptist,Pineville
Ebenezer,Berkeley,M.E.S.,
Ebenezer,Berkeley,African Methodist Episcopal,
Emanuel,Berkeley,A.M.E.,Monck's Corner
Emanuel,Berkeley,Reformed Episcopal,
Epiphany,Berkeley,Protestant Episcopal,Eutawville
Firstborn Church of the Living God,Berkeley,Holiness,
Grace,Berkeley,Reformed Episcopal,
Green Hill,Berkeley,A.M.E.,Bonneau
Greenland,Berkeley,Negro Missionary Baptist,
Good Shepherd,Berkeley,Reformed Episcopal,
Grove Hall,Berkeley,A.M.E.,
Grove Hall,Berkeley,Holiness (Negro),
Holy Comforter,Berkeley,Reformed Episcopal,Monck's Corner
Irving Chapel,Berkeley,A.M.E.,Monck's Corner
Jamestown,Berkeley,Missionary Baptist,
Jehovah,Berkeley,A.M.E.,
Jehovah,Berkeley,Negro Baptist,St. Stephens
Jerusalem,Berkeley,A.M.E.,
Jerusalem,Berkeley,Missionary Baptist,Jamestown
Jerusalem,Berkeley,Missionary Baptist,
Lebanon,Berkeley,M.E.S.,
Liberty,Berkeley,Reformed Episcopal,
Macedonia,Berkeley,Christian,
Messiah,Berkeley,Reformed Episcopal,
Moncks Corner Christian (Disciples of Christ,Berkeley,,
Moncks Corner,Berkeley,M.E.S.,
Moncks Corner Missionary Baptist Moncks Corner,Berkeley,Negro Missionary Baptist,
Mt. Olivet,Berkeley,Missionary Baptist,Pinopolis
Mt. Pisgah,Berkeley,A.M.E.,
New Hope,Berkeley,A.M.E.,
Oak Grove,Berkeley,Negro M.E.,
Oak Grove,Berkeley,Pentecostal Holiness,
Pineville,Berkeley,M.E.S.,
Pompoin Hill,Berkeley,Protestant Episcopal,
Reconciliation,Berkeley,Reformed Episcopal,
Redeemer,Berkeley,Negro Protestant Episcopal,Pineville
Redeemer,Berkeley,Reformed Episcopal,Pineville
Rehobeth,Berkeley,M.E.S.,McBeth
Russellville,Berkeley,Christian (Disciples of Christ),
St. James,Berkeley,M.E.S.,
St. John,Berkeley,(Strawberry Chapel) Protestant Episcopal,
St. John's Berkeley,Berkeley,Protestant Episcopal (Biggin Church),
St. Luke's,Berkeley,A.M.E.,
St. Luke,Berkeley,Negro M.E.,Moncks Corner
St. Mark,Berkeley,A.M.E.,
St. Mary's,Berkeley,A.M.E.,
St. Matthew,Berkeley,A.M.E.,
St. Matthew's,Berkeley,Negro Baptist,
St. Michael's,Berkeley,Reformed Episcopal,St. Stephens
St. Paul,Berkeley,Negro M.E.,St. Stephens
St. Philip's,Berkeley,Reformed Episcopal,
St. Stephens,Berkeley,M.E.S.,St. Stephens
St. Stephens,Berkeley,Negro Baptist,
St. Stephens,Berkeley,Protestant Episcopal,St. Stephens
St. Stephens,Berkeley,S.B.C.,
St. Thomas & St. Denis,Berkeley,Protestant Episcopal,Cainhoy
Sand Ridge,Berkeley,S.B.C.,
Smith Chapel,Berkeley,C.M.E.,
Smyrna,Berkeley,M.E.S.,
Solomon Temple,Berkeley,M.E.,Moncks Corner
Spring Hill,Berkeley,M.E.S.,
Sumter Class Room,Berkeley,Negro M.E.,
Taveau,Berkeley,Negro M.E.,
Trinity Chapel,Berkeley,Protestant Episcopal,Pinopolis
Trinity,Berkeley,Protestant Episcopal,
Unity,Berkeley,Negro Missionary Baptist,
Wassamassaw,Berkeley,Missionary Baptist,
Zion,Berkeley,A.M.E.,
Zion,Berkeley,Negro M.E.,St. Stephens
St. Paul,Calhoun,A.M.E.,Creston
Mt. Zion,Calhoun,M.E.S.,
Mt. Pisgah,Calhoun,A.M.E.,
Beulah,Calhoun,M.E.S.,Sandy Run
Fort Motte,Calhoun,M.E.S.,Fort Motte
St. Paul,Calhoun,M.E.S.,St. Matthews
St. Matthews,Calhoun,Protestant Episcopal,
Sandy Run,Calhoun,United Evangelical Lutheran,
Congaree,Calhoun,Missionary Baptist,
Mt. Zion,Calhoun,A.M.E.,
Pine River,Calhoun,United Evangelical Lutheran,Lone Star
Cameron,Calhoun,Missionary Baptist,Cameron
Cameron,Calhoun,M.E.S.,Cameron
Church of the Resurrection,Calhoun,Evangelical Lutheran,Cameron
St. John,Calhoun,Negro Baptist,
Brown's Chapel,Calhoun,Negro Baptist,
New Bethany,Calhoun,Negro Baptist,
Mt. Pleasant,Calhoun,Negro Baptist,
St. Mark's,Calhoun,Negro Baptist,
Cedar Grove,Calhoun,Negro Baptist,Lone Star
Union,Calhoun,A.M.E.,
Hayne's Chapel,Calhoun,A.M.E.,Lone Star
St. Peter's,Calhoun,A.M.E.,Cameron
Bethel,Calhoun,A.M.E.,St. Matthews
St. Matthews,Calhoun,Negro Baptist,St. Matthews
Friendship,Calhoun,Negro Baptist,St. Matthews
Mt. Carmel,Calhoun,Negro Baptist,
Mispah,Calhoun,Missionary Baptist,
Providence,Calhoun,Missionary Baptist,
Shady Grove,Calhoun,M.E.S.,
Andrews Chapel,Calhoun,M.E.S.,
Jericho,Calhoun,M.E.S.,
Canaan,Calhoun,A.M.E.,
St. Peter,Calhoun,A.M.E.,
Shiloh,Calhoun,Negro Baptist,
Providence,Calhoun,A.M.E.,
Mt. Zion,Calhoun,Negro Baptist,Fort Motte
Gethsemane,Calhoun,Missionary Baptist,
Ebenezer,Calhoun,A.M.E.,
St. Matthews First,Calhoun,S.B.C.,St. Matthews
Emancipation,Calhoun,Negro Baptist,Riley
St. Matthews,Calhoun,Presbyterian,St. Matthews
St. Matthews,Calhoun,Evangelical Lutheran,St. Matthews
Epiphany,Calhoun,Evangelical Lutheran,St. Matthews
Bethlehem,Calhoun,Negro M.E.,St. Matthews
St. Luke's,Calhoun,A.M.E.,
Fort Motte,Calhoun,Presbyterian,
Wesley Chapel,Calhoun,M.E.S.,
Heyward,Calhoun,A.M.E.,
Bethel,Calhoun,M.E.S.,
St. Luke,Calhoun,A.M.E.,
Mt. Nebo,Calhoun,Negro Presbyterian,
Calvary,Charleston,Protestant Episcopal (Negro),
Ebenezer,Charleston,A.M.E.,Charleston
Hebron,Charleston,Presbyterian (Negro),John's Island
Promise Land,Charleston,Reformed Episcopal,John's Island
Plymouth,Charleston,Congregational (Negro),Charleston
Edisto Island,Charleston,Presbyterian,Edisto Island
Gethsemane,Charleston,Negro Baptist,Charleston
King Street,Charleston,S.B.C.,
Church of God-Holiness (Negro),Charleston,Church of God-Holiness (Negro),Charleston
Jerusalem,Charleston,A.M.E.,Wadmalaw Island
Calvary,Charleston,S.B.C.,Meggett
First,Charleston,Christian,Charleston
Edisto Island,Charleston,Presbyterian (Negro),Edisto Island
Union,Charleston,Negro Missionary Baptist,Charleston
Mt. Zion,Charleston,A.M.E.,Charleston
Holy Communion,Charleston,Protestant Episcopal,Charleston
Zion,Charleston,Presbyterian (Negro),Charleston
Shiloh,Charleston,Negro Missionary Baptist,Edisto Island
Westminster,Charleston,Presbyterian,Charleston
Macedonia,Charleston,A.M.E.,Charleston
Centenary,Charleston,Negro M.E.,Charleston
Morris Brown,Charleston,A.M.E.,Charleston
Bethel,Charleston,M.E.S.,Charleston
Wallingford,Charleston,Presbyterian,Charleston
Olivet,Charleston,Presbyterian (Negro),Charleston
Israel,Charleston,Reformed Episcopal,Charleston
Rutledge Street,Charleston,S.B.C.,Charleston
Refuge Church of Our Lord Jesus Christ-Apostolic Faith Charleston,Charleston,,
Trinity,Charleston,M.E.S.,Charleston
Mt. Hermon Reformed Methodist Union,Charleston,Episcopal,Charleston
Francis Brown,Charleston,Methodist Protestant (Negro),Charleston
Emanuel,Charleston,A.M.E.,Charleston
Jordan,Charleston,Negro Missionary Baptist,
Lovely Hill,Charleston,Negro Missionary Baptist,
Jerusalem,Charleston,A.M.E.,Maryville
Emanuel,Charleston,A.M.E.,Maryland
Cherokee,Charleston,M.E.S.,Charleston
Payne Chapel,Charleston,A.M.E.,
James Isley,Charleston,Negro M.E.,Charleston
Midland Park,Charleston,M.E.S.,North Charleston
Asbury Memorial,Charleston,M.E.S.,Charleston
Vanderhorst Memorial,Charleston,C.M.E.,Charleston
Rockville,Charleston,Presbyterian,Rockville
James Island,Charleston,Presbyterian,James Island
Morris Street,Charleston,Negro Baptist,Charleston
Calvary,Charleston,Negro Baptist,Charleston
Pilgrim,Charleston,Negro Baptist,
Mt. Moriah,Charleston,Negro Baptist,
John's Island,Charleston,S.B.C.,John's Island
Jerusalem,Charleston,Negro Baptist,
Mt. Olivet,Charleston,Negro Baptist,
North Charleston,Charleston,S.B.C.,North Charleston
First,Charleston,Negro Missionary Baptist,Maryville
James Island,Charleston,Negro Baptist,James Island
Charleston Heights,Charleston,S.B.C.,Charleston
Oak Grove,Charleston,Negro Baptist,
Hampstead Square,Charleston,S.B.C.,Charleston
Holy Trinity,Charleston,Reformed Episcopal,Charleston
Christ Church,Charleston,Protestant Episcopal,Wilton-Adams Run
Church of the Good Shepherd,Charleston,Protestant Episcopal,North Charleston
Calvary,Charleston,Pentecostal-Assembly of God,Charleston
Fourth,Charleston,Negro Missionary Baptist,Charleston
Wesley,Charleston,Negro M.E.,John's Island
Bethel,Charleston,Negro M.E.,Charleston
Bethel,Charleston,A.M.E.,
Citadel Square,Charleston,S.B.C.,Charleston
Grace,Charleston,Protestant Episcopal,Charleston
Circular,Charleston,Congregational,Charleston
French Protestant (Huguenot),Charleston,,Charleston
First,Charleston,(Scotch) Presbyterian,Charleston
Beth Elohim,Charleston,Synagogue,Charleston
Rosemont,Charleston,S.B.C.,
Grace Chapel,Charleston,Protestant Episcopal,Rockville
Chapel of the Holy Cross Protestant Episocpal,Charleston,,Sullivan's Island
Church of Jesus Christ of Latter-Day Saints (Mormon),Charleston,Church of Jesus Christ of Latter-Day Saints (Mormon),Charleston
Brith Shalom,Charleston,Synagogue,Charleston
Green Street,Charleston,Negro Baptist,Charleston
First,Charleston,Baptist,Charleston
Unitarian Church of Charleston,Charleston,,
First Church of Christ-Scientist,Charleston,,Charleston
Beth Israel,Charleston,Synagogue,Charleston
St. John the,Charleston,Baptist Catholic,Charleston
Our Lady of Mercy,Charleston,Roman Catholic,Charleston
Second,Charleston,Presbyterian,Charleston
Trinity,Charleston,Greek Orthodox,Charleston
McClellanville,Charleston,M.E.S.,McClellanville
Tibwin,Charleston,A.M.E.,Tibwin
Bethel,Charleston,A.M.E.,McClellanville
Union,Charleston,A.M.E.,Awendaw
New Wappetaw,Charleston,Presbyterian,McClellanville
Wrens,Charleston,M.E.S.,
Ocean Grove,Charleston,M.E.S.,Awendaw
Johnson Chapel,Charleston,A.M.E.,
Lovely Mountain,Charleston,Negro Baptist,
Jerusalem,Charleston,Negro Baptist,Charleston
Ashley,Charleston,Negro Baptist,Edisto Island
Trinity,Charleston,C.M.E.,Charleston
St. Andrew's Episcopal Mission,Charleston,Episcopal,Charleston
St. Andrew's,Charleston,Lutheran,Charleston
St. Andrew's,Charleston,Protestant Episcopal,St. Andrew's Parish
St. Barnabas,Charleston,Evangelical Lutheran,Charleston
St. Frances,Charleston,M.E.S.,Meggett
St. James,Charleston,A.M.E.,
St. James,Charleston,A.M.E.,Meggett
St. James,Charleston,A.M.E.,
St. James Bethel,Charleston,A.M.E.,Wad-John's Island
St. James,Charleston,Presbyterian,James Island
St. James malaw Island,Charleston,,
St. James,Charleston,Protestant Episcopal,James Island
St.,Charleston,Protestant Episcopal,James Island
St. James,Charleston,Protestant Episcopal,McClellanville
St. Johannes,Charleston,German Lutheran,Charleston
St. John's,Charleston,Lutheran,Charleston
St. John's,Charleston,Protestant Episcopal,Charleston
St. John's,Charleston,Protestant Episcopal,John's Island
St. John's,Charleston,Reformed Episcopal,Charleston
St. Joseph's,Charleston,Roman Catholic,Charleston
St. Jude,Charleston,A.M.E.,
St. Philip's,Charleston,Protestant Episcopal,Charleston
St. Luke's,Charleston,A.M.E.,Wadmalaw Island
St. Luke's,Charleston,Reformed Episcopal,Charleston
St. Luke's,Charleston,Protestant Episcopal,Charleston
St. Mary's,Charleston,Roman Catholic,Charleston
St. Mark's,Charleston,A.M.E.,
St. Mark's,Charleston,Protestant Episcopal (Negro),Charleston
St. Matthew,Charleston,A.M.E.,John's Island
St. Matthew's,Charleston,Evangelical Lutheran,Charleston
St. Michael's,Charleston,Protestant Episcopal,Charleston
St. Patrick,Charleston,Roman Catholic,Charleston
St. Paul,Charleston,A.M.E.,
St. Paul,Charleston,Negro Baptist,Charleston
St. Paul's,Charleston,Protestant Episcopal,Charleston
St. Paul's,Charleston,Protestant Episcopal,Meggett
St. Peter's-by-the-Sea,Charleston,Protestant Episcopal,North Charleston
St. Peter's,Charleston,Episcopal,Charleston
St. Peter's,Charleston,Protestant Episcopal,Charleston
St. Peter's,Charleston,Reformed Episcopal,
St. Peter's,Charleston,Roman Catholic,Charleston
St. Stephen's,Charleston,A.M.E.,John's Island
St. Stephen's Chapel,Charleston,Protestant Episcopal,Charleston
Sacred Heart of Jesus,Charleston,Roman Catholic,Charleston
Salem,Charleston,Negro Baptist,Charleston
Salem,Charleston,Negro Baptist,Wadmalaw Island
Salem,Charleston,Presbyterian (Negro),Wadmalaw Island
Seventh Day Adventist,Charleston,Seventh Day Adventist,Charleston
Shiloh,Charleston,A.M.E.,
Spring Street,Charleston,M.E.S.,Charleston
Star Gospel Mission,Charleston,,Charleston
Limestone,Cherokee,Presbyterian,Gaffney
State Line,Cherokee,S.B.C.,
Broad River,Cherokee,Baptist,Blacksburg
Love Springs,Cherokee,S.B.C.,
Church of the Incarnation,Cherokee,Protestant Episcopal,Gaffney
Elizabeth,Chesterfield,S.B.C.,Mt. Croghan
Mt. Croghan,Chesterfield,S.B.C.,
Timmonsville,Chesterfield,Negro Baptist,
Zion,Chesterfield,A.M.E.,Chesterfield
Mt. Level,Chesterfield,Negro Baptist,
Chesterfield,Chesterfield,Presbyterian (Negro),Chesterfield
Grand View,Chesterfield,Presbyterian (Negro),Chesterfield
Ruby,Chesterfield,Presbyterian (Negro),Ruby
Pageland Presbyterian (Negro) Pageland,Chesterfield,,
Gum Spring,Chesterfield,Negro Baptist,
Sweet Home,Chesterfield,Negro Baptist,
New Zion,Chesterfield,Negro Baptist,Chesterfield
Davidson Grove,Chesterfield,Negro Baptist,
Thompson Creek,Chesterfield,S.B.C.,
White Oak,Chesterfield,Presbyterian,Ruby
Pageland,Chesterfield,S.B.C.,Pageland
Providence,Chesterfield,S.B.C.,
Long Branch,Chesterfield,S.B.C.,
Westfield,Chesterfield,S.B.C.,
Bethlehem,Chesterfield,S.B.C.,
Ruby,Chesterfield,S.B.C.,Ruby
Rocky Creek,Chesterfield,S.B.C.,
Antioch,Chesterfield,S.B.C.,
Ebenezer,Chesterfield,M.E.S.,
Salem,Chesterfield,Negro Baptist,Chesterfield
Wesley Chapel,Chesterfield,A.M.E.,
Pleasant Hill,Chesterfield,S.B.C.,
Mt. Olive,Chesterfield,M.E.S.,
Lower Macedonia,Chesterfield,S.B.C.,
Zoar,Chesterfield,Methodist,
St. Paul,Chesterfield,Negro Baptist,
Union Hill,Chesterfield,Negro Baptist,
John Wesley,Chesterfield,Negro M.E.,Pageland
Peniel,Chesterfield,M.E.S.,
High Point,Chesterfield,S.B.C.,
Rivers Chapel,Chesterfield,Negro Baptist,
Drucilla Zion,Chesterfield,Methodist (Negro),Chesterfield
Clanton Plains,Chesterfield,S.B.C.,
Liberty Hill,Chesterfield,S.B.C.,Pageland
Wolf Pond,Chesterfield,S.B.C.,
St. Mary,Chesterfield,Negro Baptist,Chesterfield
Flint Ridge,Chesterfield,Negro Baptist,
McBee,Chesterfield,S.B.C.,McBee
McBee,Chesterfield,M.E.S.,McBee
McBee,Chesterfield,Presbyterian,McBee
St. Paul,Chesterfield,M.E.S.,Chesterfield
Providence,Chesterfield,M.E.S.,McBee
Union,Chesterfield,M.E.S.,McBee
Angelus,Chesterfield,M.E.S.,Angelus
Beauford,Chesterfield,S.B.C.,
Hopewell,Chesterfield,Negro Baptist,
McBee Chapel,Chesterfield,A.M.E. Zion,McBee
Sandy Run,Chesterfield,Negro Baptist,
Galilee,Chesterfield,Negro Baptist,McBee
Clark's Chapel,Chesterfield,A.M.E. Zion,
Mt. Elon,Chesterfield,Negro M.E.,
Salem,Chesterfield,M.E. Zion,Pageland
Wilks Chapel,Chesterfield,M.E.S.,
Prospect,Chesterfield,M.E.S.,
Hebron,Chesterfield,M.E.S.,
Middendorf,Chesterfield,S.B.C.,
Zion Hill,Chesterfield,Negro Baptist,
Bethel,Chesterfield,A.M.E.,
Brown Springs,Chesterfield,S.B.C.,
Cedar Creek,Chesterfield,S.B.C.,
Shiloh,Chesterfield,M.E.S.,
Patrick,Chesterfield,Presbyterian,Patrick
Morning Star,Chesterfield,Negro Baptist,Patrick
Jefferson,Chesterfield,S.B.C.,Jefferson
Fort Creek M.E.S.: Mt. Olivet,Chesterfield,S.B.C.,
Patrick,Chesterfield,S.B.C.,Patrick
Tabernacle,Chesterfield,M.E.S.,McBee
Zoar,Chesterfield,M.E.S.,
Jefferson,Chesterfield,M.E.S.,Jefferson
Hopewell,Chesterfield,Negro M.E.,Jefferson
Mt. Canon,Chesterfield,Negro Baptist,Jefferson
Palmetto,Chesterfield,S.B.C.,
Bethel,Chesterfield,S.B.C.,
White Plains,Chesterfield,S.B.C.,
New St. David,Chesterfield,Protestant Episcopal,Cheraw
Pentecostal Holiness,Chesterfield,Pentecostal Holiness,Cheraw
Mt. Taber,Chesterfield,M.E.S.,Chesterfield
Mt. Zion,Chesterfield,C.M.E.,
Wesley,Chesterfield,Negro M.E.,Cheraw
Teal's Chapel,Chesterfield,Negro Baptist,
Second,Chesterfield,Presbyterian (Negro),Cheraw
Chesterfield,Chesterfield,S.B.C.,Chesterfield
Pine Grove,Chesterfield,S.B.C.,
David Grove,Chesterfield,S.B.C.,
McDonald Presbyterian Mission (Negro),Chesterfield,Presbyterian,
Powe Presbyterian Mission (Negro),Chesterfield,Presbyterian,
Westside,Chesterfield,S.B.C,Cheraw
Cheraw First,Chesterfield,Presbyterian,Cheraw
Mt. Hebron,Chesterfield,A.M.E. Zion,Cheraw
Triumph,Chesterfield,Holiness Church of God (Negro),Cheraw
Union Pee Dee,Chesterfield,Negro Baptist,Cheraw
Cheraw,Chesterfield,S.B.C.,Cheraw
Cheraw First,Chesterfield,M.E.S.,Cheraw
St. Peter's,Chesterfield,Roman Catholic,Cheraw
Friendship,Chesterfield,M.E.S.,
First,Clarendon,Negro Baptist,Sardinia
Gable A.M.E. Mission,Clarendon,A.M.E.,
Melina,Clarendon,Presbyterian (Negro),
Old Nathan's,Clarendon,Presbyterian (Negro),
St. Matthews,Clarendon,A.M.E.,
Harmony Elizabeth,Clarendon,Presbyterian (Negro),
Reevesville,Clarendon,A.M.E.,
New Hope,Clarendon,A.M.E.,
Fellowship,Clarendon,Negro Baptist,
A.M.E. Chapel,Clarendon,A.M.E.,Alcolu
Howard A.M.E. Chapel,Clarendon,A.M.E.,
Good Hope (Negro),Clarendon,,Brogdon
Fourth Cross Roads,Clarendon,(Ridgell Shed) Baptist (Negro),
Hickory Grove,Clarendon,African Free Will Baptist (Negro),
Shiloh,Clarendon,A.M.E.,Forreston
St. Peter's,Clarendon,Baptist (Negro),Brogdon
Westminster,Clarendon,Presbyterian (Negro),
Rock Hill,Clarendon,Baptist (Negro),
King's Chapel -Christian Faith (Negro),Clarendon,,
Williams Chapel - Christian Faith (Negro),Clarendon,,
Trinity,Clarendon,A.M.E.,Manning
St. James,Clarendon,A.M.E.,
Liberty Hill,Clarendon,A.M.E.,
New Hope-Union,Clarendon,M.E. (Negro),
St. Mark's,Clarendon,A.F.W.,
Ebenezer,Clarendon,Baptist (Negro),Manning
Fire Baptized Holiness (Negro),Clarendon,Fire Baptized Holiness (Negro),Manning
Taw Caw,Clarendon,Baptist (Negro),
Briggs Chapel (Negro Baptist),Clarendon,,
Mt. Zero,Clarendon,Baptist (Negro),
Mt. Siani,Clarendon,Fire Baptized Holiness (Negro),Bloomville
Mt. Hope,Clarendon,Pentecostal Holiness (Negro),
New Zion,Clarendon,A.M.E.,Forreston
St. Mark's,Clarendon,A.M.E.,Summerton
Union Hill,Clarendon,A.F.W. Baptist,
Antioch,Clarendon,Baptist (Negro),
St. James,Clarendon,A.M.E.,
Light Hill,Clarendon,African Hard Shell Baptist,
Mt. Zion,Clarendon,A.M.E.,
New Hope,Clarendon,Reformed M.E. (Negro),
Sardinia,Clarendon,Presbyterian U.S. (Negro),Sardinia
Trinity,Clarendon,Methodist M.E.S. (Negro),
Home Branch,Clarendon,S.B.C.,
Clarendon,Clarendon,S.B.C.,Alcolu
Midway,Clarendon,Presbyterian U.S.,
New Harmony,Clarendon,Presbyterian U.S.,
New Harmony,Clarendon,Presbyterian U.S.,
Manning,Clarendon,Presbyterian U.S.,Manning
Brewington,Clarendon,Presbyterian U.S.,Manning
All Saints,Clarendon,Prot. Episcopal (Negro),Manning
Summerton,Clarendon,Presbyterian U.S.,Summerton
Pinegrove,Clarendon,M.E.S.,Turbeville
Horse Branch,Clarendon,Free Will Baptist (Negro),
Rehobeth,Clarendon,M.E.S.,
Turbeville,Clarendon,S.B.C.,Turbeville
Oak Grove,Clarendon,M.E.S.,
Live Oak,Clarendon,M.E.S.,
Manning,Clarendon,S.B.C.,Manning
St. Paul,Clarendon,Holiness Church of God (Negro),
Mt. Carmel,Clarendon,Presbyterian (Negro),Manning
Jordan,Clarendon,Presbyterian (Negro),Jordan
Pisgah,Clarendon,Pentecostal Holiness (Negro),
Paxville,Clarendon,S.B.C.,Paxville
St. Mary's Roman Catholic Chapel,Clarendon,Roman Catholic,Summerton
Tump Spring or First,Clarendon,Negro Baptist,
Union,Clarendon,M.E.S.,Wilson's Hill
Summerton,Clarendon,S.B.C.,Summerton
Forreston,Clarendon,M.E.S.,Forreston
Forreston,Clarendon,S.B.C.,Forreston
Friendship,Clarendon,Presbyterian (Negro),
Manning,Clarendon,M.E.S.,Manning
Green Savannah,Clarendon,Free Will Baptist (Negro),
Mulberry,Clarendon,Negro Baptist,
Union Cypress,Clarendon,A.M.E.,
Calvary,Clarendon,S.B.C.,
Spring Hill,Clarendon,A.M.E.,
Bethel Mission,Clarendon,A.M.E.,
Coley A.M.E. Chapel,Clarendon,A.M.E.,Jordan
Green Hill,Clarendon,Negro Baptist,Alcolu
Jordan,Clarendon,M.E.S.,Jordan
Dudley,Clarendon,(Moriah) S.B.C.,Harvin
Oakland,Clarendon,M.E.S.,Harvin
Paxville,Clarendon,M.E.S.,Paxville
Rock Hill,Clarendon,Negro Baptist,
Society Hill,Clarendon,A.M.E.,
Calvary,Clarendon,Negro Baptist,
St. Paul's,Clarendon,M.E.S.,
Summerton,Clarendon,M.E.S.,Summerton
Mt. Moriah Union,Clarendon,M.E. (Negro),
Goodwill,Clarendon,African Free Will Baptist,Bloomville
St. John's,Clarendon,Negro Baptist,Jordan
New Life,Clarendon,Negro Baptist,Davis Station
New Branch Union,Clarendon,M.E.,
Antioch-R.Union,Clarendon,M.E.,Rimini
Mt. Chapel,Clarendon,Negro Baptist,
New St. Philip's,Clarendon,A.M.E,
St. Phillips,Clarendon,A.M.E.,
St. James,Clarendon,A.M.E.,
Jerusalem,Clarendon,Negro Baptist,
Mt. Pleasant R.U.,Clarendon,M.E. (Negro),Panola
Briggers,Clarendon,A.M.E.,
Andrews Chapel,Clarendon,M.E.S.,
Mother Church,Clarendon,Free Will Baptist,
Hopewell,Clarendon,Baptist S.B.C.,
Bethlehem,Clarendon,M.E.S.,
New Zion,Clarendon,Negro Baptist,
Wilson's Grove,Clarendon,African Free Will Baptist,
Millwood Chapel,Clarendon,Sanctified Holiness (Negro),
DeLain,Clarendon,A.M.E.,
Macedonia,Clarendon,Negro Baptist,
Santee,Clarendon,A.M.E.,
A.M.E. Chapel,Clarendon,A.M.E.,Paxville
New Rehobeth,Clarendon,M.E.S.,
Triumph,Clarendon,Sanctified-non-denom.,Manning
Mt. Carmel,Clarendon,African Free Will Baptist,Manning
New Light,Clarendon,Negro (Hardshell) Baptist,Manning
Holly Hill,Clarendon,Negro Baptist,
New Jerusalem,Clarendon,Free Will Baptist,
Lodobar,Clarendon,A.M.E.,
Laurel Hill,Clarendon,A.M.E.,
Mt. Nebo,Clarendon,Negro Baptist,
St. Philip,Clarendon,R.M.U.E. (Negro),
St. Philip,Clarendon,R.M.U.E. (Negro),
Black Creek,Colleton,S.B.C.,
Smoaks,Colleton,S.B.C.,Smoaks
St. Anthony's,Colleton,Roman Catholic,Walterboro
Great Swamp,Colleton,S.B.C.,Walterboro
Ruffin,Colleton,S.B.C.,Ruffin
Cottageville,Colleton,S.B.C.,Cottageville
Shiloh,Colleton,Primitive Baptist,
Peniel Primitive Baptist Church (No. 2),Colleton,Primitive Baptist,
Bethel S.B.C.-Round 0,Colleton,,
Ashton,Colleton,M.E.S.,Ashton
Bethel,Colleton,Presbyterian,Walterboro
St. Jude's,Colleton,Protestant Episcopal,Walterboro
Hendersonville,Colleton,S.B.C.,Hendersonville
Zion,Colleton,S.B.C.,Walterboro
Bethlehem,Colleton,S.B.C.,Walterboro
Spring Hill,Colleton,S.B.C.,
Pine Grove,Colleton,S.B.C.,
Carter's Ford,Colleton,S.B.C.,
St. John's,Colleton,A.M.E.,Ruffin
Bedon's,Colleton,S.B.C.,
Walterboro,Colleton,S.B.C.,Walterboro
Peniel,Colleton,S.B.C.,
Williams,Colleton,S.B.C.,Williams
Williams,Colleton,M.E.S.,Williams
Doctor's Creek,Colleton,S.B.C.,
Bethel,Colleton,M.E.,Walterboro
St. Bartholomew,Colleton,Protestant Episcopal,
Mt. Carmel,Colleton,M.E.S.,
Ruffin,Colleton,M.E.S.,
Pleasant Grove,Colleton,S.B.C.,
Canaan,Colleton,S.B.C.,
Mt. Tabor,Colleton,M.E.S.,
Mt. Zion,Colleton,Negro Baptist,
Evergreen,Colleton,Negro Baptist,Williams
Marion,Colleton,S.B.C.,Williams
St. James,Colleton,Roman Catholic (Negro),Colleton
Walterboro,Colleton,Jewish Congregation,Walterboro
Hartsville First,Darlington,S.B.C.,Hartsville
Wesley,Darlington,M.E.S.,Hartsville
Bethel,Darlington,M.E.S.,
St. Bartholomew,Darlington,Prot. Epis.,Hartsville
Wesley Chapel,Darlington,M.E.S.,
Hartsville,Darlington,Presbyterian,Hartsville
Church of Jesus Christ,Darlington,Latter Day Saints,Darlington
Trinity,Darlington,M.E.S.,Darlington
Darlington,Darlington,Presbyterian,Darlington
Darlington First,Darlington,S.B.C.,Darlington
St. Matthew's,Darlington,Protestant Episcopal,Darlington
Central,Darlington,S.B.C.,Darlington
Welsh Neck,Darlington,S.B.C.,Society Hill
Christian Science Society,Darlington,,Darlington
Black Creek,Darlington,S.B.C.,Dovesville
Fourth Street,Darlington,S.B.C.,Hartsville
Latter Day Saints or,Darlington,Mormon,Hartsville
East Side,Darlington,S.B.C.,Hartsville
Twitty Chapel,Darlington,M.E.S.,Hartsville
Kelleytown,Darlington,S.B.C.,Kelleytown
Gum Branch,Darlington,S.B.C.,
New Providence,Darlington,S.B.C.,
Antioch,Darlington,S.B.C.,
Antioch Baptist Mission (Negro),Darlington,Baptist,
Kay Branch,Darlington,Negro Baptist,Hartsville
Lawson Grove,Darlington,Negro Baptist,
Mt. Pisgah,Darlington,Presbyterian (Negro),Hartsville
Jerusalem,Darlington,Negro Baptist,Hartsville
Centenary,Darlington,A.M.E.,Hartsville
Mt. Calvary,Darlington,A.M.E.,Hartsville
Centerville,Darlington,A.M.E.,Hartsville
Church of God-Undenom.,Darlington,Church of God-Undenom.,
Congregational Holiness,Darlington,Congregational Holiness,Congregational
Mt. Elon,Darlington,S.B.C.,
Nathan's Temple,Darlington,Fire Baptized Holiness Church of God of America (Negro),
Wesley A.M.E. Chapel,Darlington,A.M.E.,
Bethlehem,Darlington,Methodist,
The Church of God- Church of God - Darlington,Darlington,,
Kelly Bell,Darlington,A.M.E.,
Friendship,Darlington,Negro Baptist,Darlington
St. James,Darlington,A.M.E.,Darlington
Mt. Teman,Darlington,Negro Baptist,
Darlington Second,Darlington,S.B.C.,Darlington
Macedonia,Darlington,Negro Baptist (Nat'l Bap. Convention),Darlington
Josey A.M.E. Chapel,Darlington,A.M.E.,
Mt. Calvary,Darlington,Negro Baptist,
Kingsville,Darlington,A.M.E.,
Pentecostal Holiness-Holiness,Darlington,Pentecostal Holiness-Holiness,Darlington
Chapel Hill,Darlington,S.B.C.,
Bethel,Darlington,A.M.E.,Darlington
Green Hill,Darlington,Negro Baptist,
Salem,Darlington,M.E.S.,
Prospect,Darlington,M.E.S.,
Free Will,Darlington,S.B.C.,Darlington
Lamar,Darlington,Presbyterian,Lamar
Pine Grove,Darlington,M.E.S.,
Philadelphia,Darlington,M.E.S.,
Lake Swamp,Darlington,S.B.C.,
Shiloh,Darlington,M.E.,
Mechanicsville,Darlington,S.B.C.,Mechanicsville
Lamar,Darlington,S.B.C.,Lamar
Lamar,Darlington,M.E.S.,Lamar
Epworth,Darlington,M.E.S.,Darlington
Elim,Darlington,M.E.S.,
Savannah,Darlington,African M.E.,
St. Johns,Darlington,A.M.E.,
Church of God-Church of God-Darlington,Darlington,,
Zion,Darlington,M.E.S.,
Pleasant Grove,Darlington,Negro Baptist,
New Providence,Darlington,Negro Baptist,
Mt. Olive,Darlington,Holiness-Apostolic Faith Church of God and Christ,Hartsville
Mt. Olive,Darlington,S.B.C.,Patrick
New Hopewell,Darlington,Negro Baptist,
Bethney,Darlington,Negro Baptist,Lamar
Mt. Zion,Darlington,Negro Baptist,
Union M.E. Church,Darlington,M.E.,
Church of God- Pentecostal Holiness,Darlington,Church of God- Pentecostal Holiness,
Friendship Chapel,Darlington,Pentecostal Holiness,
St. Pauls,Darlington,A.M.E.,
Union,Darlington,Negro Baptist,Society Hill
Trinity,Darlington,Prot. Epis.,Society Hill
Newman Swamp Meth. Epis. Mt. Beulah,Darlington,C.M.E. (Negro),
Bethany,Darlington,Negro Baptist,Lamar
New Market,Darlington,M.E.S.,
Cross Roads,Darlington,Free Will Baptist,
Mont Clare Mission,Darlington,non-denom.,Mont Clare
Cherry Grove,Darlington,Negro Baptist,
Bethesda,Darlington,Negro Baptist,Society Hill
Darlington,Darlington,Jewish Congregation-Reform,Darlington
Round O,Darlington,Negro Baptist,Mont Clare
John Wesley,Darlington,M.E. (Negro),Lamar
Society Hill,Darlington,Presbyterian,Society Hill
Main Street Lower,Dillon,M.E.S.,Dillon
Bowling Green,Dillon,A.M.E.,
New Harley,Dillon,A.M.E.,
Latta,Dillon,S.B.C.,Latta
Dillon Main,Dillon,M.E.S.,Dillon
Pine Hill,Dillon,A.M.E.,
Catfish,Dillon,S.B.C.,
Dillon,Dillon,S.B.C.,Dillon
Little Rock,Dillon,S.B.C.,Little Rock
Dillon,Dillon,Presbyterian,Dillon
Sardis,Dillon,S.B.C.,
Pyerian,Dillon,S.B.C.,
St. Paul A.M.E. Floydale,Dillon,,
Lake View,Dillon,S.B.C.,Lake View
Mt. Andrews,Dillon,M.E.S.,
Reedy Creek,Dillon,Presbyterian,
Bear Swamp,Dillon,S.B.C.,
Pentecostal Holiness Mission,Dillon,Pentecostal Holiness,Lake View
Kentyne,Dillon,Presbyterian,
Latta,Dillon,Presbyterian,Latta
Indian New Hope,Dillon,Holiness Meth,
St. Barnabus,Dillon,Prot. Epis.,Dillon
Latta,Dillon,M.E.S.,Latta
Little Zion,Dillon,Negro Baptist,
Mt. Calvary,Dillon,S.B.C.,
Pleasant Grove,Dillon,S.B.C.,
Bermuda,Dillon,S.B.C.,
Mt. Zion,Dillon,S.B.C.,
Hamer,Dillon,Presbyterian,Hamer
Dillon Mill,Dillon,S.B.C.,Dillon
Shady Grove,Dillon,Negro Baptist,
Piney Grove,Dillon,S.B.C.,
Fork,Dillon,S.B.C.,Fork
Pleasant Hill,Dillon,S.B.C.,
Kemper S.B.C. Kemper,Dillon,,
Union A.M.E. Chapel,Dillon,A.M.E.,
Ohav Shalom-Reform-Masonic Temple,Dillon,,Dillon
Hopewell,Dillon,M.E.S.,Fork
Andrews Chapel,Dillon,C.M.E. (Negro),Latta
St. Stephens,Dillon,C.M.E. (Negro),Dillon
Weston A.M.E. Chapel,Dillon,A.M.E.,Latta
Bethel,Dorchester,A.M.E.,St. George
St. George,Dorchester,M.E.S.,St. George
Memorial,Dorchester,S.B.C.,St. George
Summerville,Dorchester,Presbyterian,Summerville
St. Matthews,Dorchester,Negro Baptist,Reevesville
Reevesville,Dorchester,S.B.C.,Reevesville
St. George's,Dorchester,Prot. Epis.,Dorchester
Dorchester,Dorchester,Congregational (or Independent),Dorchester
Jedburg,Dorchester,Presbyterian,Jedburg
Mt. Tabor,Dorchester,M.E.S.,Ridgeville
Zion,Dorchester,S.B.C.,
Limestone,Dorchester,S.B.C.,
Ridgeville,Dorchester,S.B.C.,Ridgeville
Grover,Dorchester,M.E.S.,Grover
Trinity,Dorchester,M.E.S.,Givan
Appleby's,Dorchester,M.E.S.,
Shepherd,Dorchester,S.B.C.,
Church of Christ-Christian-Harleyville,Dorchester,,
Harleyville,Dorchester,M.E.S.,Harleyville
Red Bank,Dorchester,A.M.E. (Negro),
Bethel,Dorchester,A.M.E.,Ridgeville
Rock Hill,Dorchester,Negro Baptist,
Jerusalem,Dorchester,C.M.E.,Harleyville
Church of Christ-Hol. (Negro),Dorchester,Church of Christ-Hol. (Negro),
St. Luke,Dorchester,A.M.E.,
Jerusalem,Dorchester,Negro Baptist,
Zion,Dorchester,M.E.S.,
Salem,Dorchester,M.E.S.,Dorchester
Jedburg,Dorchester,S.B.C.,Jedburg
Indian Field,Dorchester,M.E.S.,Rosinville
Reevesville,Dorchester,M.E.S.,Reevesville
Duncan M.E.S. Chapel,Dorchester,M.E.S.,
Pine Grove No. 2,Dorchester,S.B.C.,Givan
New Hope,Dorchester,M.E.,
St. Pauls,Dorchester,Prot. Epis.,Summerville
St. Matthews,Dorchester,S.B.C.,
Pregnall,Dorchester,M.E.S.,Pregnall
St. Barnabas,Dorchester,Prot. Epis.,Summerville
Beulah,Dorchester,S.B.C.,
St. George,Dorchester,S.B.C.,
St. Lukes,Dorchester,Evang. Lutheran,Summerville
St. John The Beloved,Dorchester,Roman Cath.,Summerville
Harvey Chapel,Dorchester,Negro Baptist,
Jericho,Dorchester,Negro Baptist,
St. Peters,Dorchester,M.E.,
Greenville,Dorchester,M.E.,
First,Dorchester,Baptist (Negro),Summerville
Pregnall,Dorchester,Baptist (Negro),
Branch,Dorchester,M.E.S.,
Bethany,Dorchester,M.E.S.,Summerville
Summerville,Dorchester,S.B.C.,Summerville
Stallsville,Dorchester,M.E.S.,Stallsville
Boone Hill,Dorchester,M.E.S.,
Cypress,Dorchester,M.E.S.,
Church of the Epiphany,Dorchester,Prot.Epis. (Negro),Summerville
Bethel,Dorchester,Seventh Day Adventist (Negro),Summerville
St. Stephens,Dorchester,Ref.Epis. (Negro),Summerville
Shady Grove,Dorchester,C.M.E.,
A.M.E.,Dorchester,A.M.E.,Summerville
Hebron,Florence,S.B.C.,Friendfield
Olanta,Florence,S.B.C.,Olanta
Central,Florence,M.E.S.,Florence
Central,Florence,M.E.S.,Florence
Cumberland,Florence,A.M.E. Zion,Florence
Ebernezer,Florence,Baptist,Ebernezer
Church of Jesus Christ of Latter Day Saints-Mormon,Florence,Church of Jesus Christ of Latter Day Saints-Mormon,Florence
McGill Memorial,Florence,Presbyterian,
St. John's,Florence,Prot. Epis.,Florence
Immanuel,Florence,Baptist,Florence
Pentecostal Free Will Baptist Mission,Florence,Pentecostal Free Will Baptist,Florence
Magnolia Heights,Florence,S.B.C.,Florence
Florence First,Florence,S.B.C.,Florence
Trinity,Florence,Nat'l Bap. Con. (Negro),Florence
Bethel Temple or Bethel Tabernacle,Florence,Assemblies of God-Pent. Holiness,Florence
St. Lukes,Florence,United Evang. Lutheran,Florence
St. Anthony,Florence,Roman Catholic,Florence
Salvation Army-Undenom.,Florence,Salvation Army-Undenom.,Florence
Lake City,Florence,Southern Presbyterian,Lake City
Gate City Mission,Florence,A.M.E.,Florence
Mt. Zion,Florence,A.M.E.,Florence
Florence First,Florence,Presbyterian,Florence
Seventh Day Adventist (Negro),Florence,Seventh Day Adventist (Negro),Florence
Independent Pentecostal Holiness,Florence,Independent Pentecostal Holiness,
Mt. Carmel,Florence,Fire Baptized Holiness,Florence
Ebenezer Second,Florence,Baptist-Nat'l Bap.Con. Inc.,Florence
Kingsburg,Florence,S.B.C.,Kingsburg
Holiness Tabernacle,Florence,Pent. Holiness,Lake City
Pentecostal Church of First Born,Florence,Pent. Holiness,Lake City
Wesley M.E. Chapel (Negro),Florence,M.E.,Lake City
Immanuel,Florence,M.E.S.,Lake City
Red Hill,Florence,A.M.E.,Lake City
Lake City,Florence,S.B.C.,Lake City
Church of First Born,Florence,Church of God Holiness (Negro),Lake City
Gilead,Florence,Free Will Baptist,
Cameron,Florence,M.E.S.,
Scranton,Florence,M.E.S.,Scranton
Scranton Pentecostal Holiness Tabernacle,Florence,Pentecostal Holiness,Scranton
Lake City,Florence,Presbyterian,Lake City
Mt. Clair,Florence,Negro Baptist,Lake City
Ninevah,Florence,C.M.E.,
Lake Point,Florence,C.M.E.,
Beulah,Florence,A.M.E.,
John's Tabernacle,Florence,Apostolic Holiness,Lake City
Paran,Florence,S.B.C.,
Cook's Pent. Holiness Chapel,Florence,Pent. Holiness,
New Zion,Florence,S.B.C.,
Mt. Moriah,Florence,S.B.C.,Scranton
New Zion,Florence,Negro Baptist,
Shady Grove,Florence,Free Will Baptist (Negro),Scranton
Scranton,Florence,S.B.C.,Scranton
Hick's,Florence,Pent. Holiness,
Tabernacle,Florence,Free Will Baptist,Cowards
Matthews Pent. Holiness Tabernacle,Florence,Pent. Holiness,
Savannah Grove,Florence,African Free Will Baptist,
St. Mark,Florence,A.M.E.,
Believers Church,Florence,Pent. Holiness (Negro),
Lee's Pentecostal Holiness Tabernacle,Florence,Pentecostal Holiness,
Mt. Seale,Florence,S.B.C.,
St. Matthews,Florence,Free Will Baptist,
St. Peter's Union American (Negro),Florence,,
First Born of the Living God,Florence,Pent. Holiness (Negro),
Bethlehem,Florence,Negro Baptist,
High Hill,Florence,Free Will Baptist,
St. John,Florence,Free Will Baptist,
Stone Pentecostal Holiness Chapel,Florence,Pentecostal Holiness,
Jerusalem,Florence,Free Will Baptist (Negro),
St. John,Florence,M.E.S.,
Prospect,Florence,M.E.S.,
Liberty,Florence,S.B.C.,
Little Star,Florence,Free Will Baptist,
Brown's Chapel,Florence,M.E.S.,
Olanta Pent. Holiness Mission (Negro),Florence,Pent. Holiness,
West Church,Florence,Pent. Holiness (Negro),
St. Paul,Florence,A.M.E.,
St. Paul,Florence,Negro Baptist,
St. Mark,Florence,A.M.E.,
Sand Hill,Florence,Free Will Baptist,
True Light,Florence,,
Pamplico,Florence,M.E.S.,Pamplico
New Prospect,Florence,Free Will Baptist,
Beulah,Florence,Free Will Baptist,
Baxen's Pentecostal Holiness Chapel,Florence,Pentecostal Holiness,
Pamplico,Florence,Pent. Holiness (Negro),Pamplico
Jordan A.M.E. Chapel,Florence,A.M.E.,Pamplico
St. John,Florence,Negro Baptist,
Olive Grove,Florence,Negro Baptist,
Union,Florence,S.B.C.,
Salem,Florence,M.E.S.,Salem
Evergreen,Florence,S.B.C.,Evergreen
St. Luke,Florence,C.M.E.,
Ephesus,Florence,S.B.C.,
Prosser's Pent. Holiness Chapel,Florence,Pent. Holiness,
Heyward A.M.E. Chapel,Florence,A.M.E.,Poston
St. Mark,Florence,A.M.E.,
St. Matthews,Florence,Negro Baptist,Pamplico
Mt. Zion,Florence,S.B.C.,
Mt. Zion,Florence,Negro Baptist,Hyman
Aimwell,Florence,Negro Baptist,
House of Prayer-undenom.,Florence,,
Little Bethel,Florence,Free Will Baptist,
Lake City,Florence,Church of God,
Trinity,Florence,A.M.E.,Hyman
Bethany Pent. Holiness Church,Florence,Pent. Holiness,
Hebron,Florence,S.B.C.,
Bethsadia,Florence,Prot. Meth.,Effingham
Bethlehem,Florence,M.E.S.,
Trinity,Florence,M.E.S.,Kingsburg
Goodland,Florence,A.M.E.,
Elizabeth,Florence,Negro Baptist,
Piney Grove,Florence,A.M.E.,
St. Peter's Holiness-Believers' Holiness Church,Florence,Holiness,Florence
Community Pent. Holiness Chapel,Florence,Pent. Holiness,
Olanta,Florence,Presbyterian,Olanta
Olanta,Florence,M.E.S.,Olanta
Mt. Olive Pent. Holiness Church of God of America (Negro),Florence,,Florence
Timmonsville,Florence,Presbyterian,Timmonsville
Willow Creek,Florence,Prot. Methodist,
Bethel Original,Florence,Free Will Baptist,
Lake City,Florence,S.B.C.,
Mispah,Florence,S.B.C.,Mars Bluff Community
Nazareth,Florence,A.M.E.,Johnsonville
St. Beulah Holiness-Believers,Florence,Holiness,
White Chapel,Florence,Free Will Baptist (Negro),
Beulah,Florence,S.B.C.,Hyman
Effingham,Florence,Presbyterian,Effingham
New Hope,Florence,Free Will Baptist,
Johnsonville,Florence,S.B.C.,
Mt. Moriah,Florence,Free Will Baptist,
Old Johnsonville,Florence,M.E.S.,
Mt. Elim,Florence,Free Will Baptist,
New Prospect,Florence,M.E.S.,
Pamplico First,Florence,S.B.C.,Pamplico
Mill Branch,Florence,A.M.E.,
Bethel,Florence,A.M.E.,
Peniel,Florence,S.B.C.,
Mt. Zion,Florence,M.E. (Negro),Timmonsville
Zion Temple,Florence,Pent. Holiness,Timmonsville
Bethlehem,Florence,Baptist (Negro),Timmonsville
Mt. Zion,Florence,C.M.E.,
Bowers Chapel,Florence,C.M.E.,
Bethel,Florence,S.B.C.,
Scranton,Florence,Free Will Baptist,Scranton
Union Grove,Florence,Negro Baptist,
Welch A.M.E. Chapel,Florence,A.M.E.,Timmonsville
Ebernezer No. 2,Florence,Negro Baptist,
Timmonsville,Florence,S.B.C.,Timmonsville
Mt. Rouah,Florence,Negro Baptist,
Sardis,Florence,S.B.C.,
Jordan Chapel,Florence,Free Will Baptist (Negro),
Beth Israel,Florence,Jewish Congregation-Reform,Florence
Tabernacle,Florence,M.E.S.,
Friendship,Florence,M.E.S.,
Pisgah,Florence,M.E.S.,
Savannah Grove,Florence,Negro Baptist,
Liberty,Florence,M.E.S.,
Bay Branch,Florence,Free Will Baptist,
Timmonsville,Florence,M.E.S.,Timmonsville
Hopewell,Florence,Presbyterian,
Cartersville,Florence,S.B.C.,
Mt. Carmen,Florence,Northern Baptist Convention (Negro),
Pendleton Street,Greenville,S.B.C.,Greenville
Holmes Memorial,Greenville,Pent. Holiness,Greenville
Earle Street,Greenville,S.B.C.,Greenville
Triune,Greenville,M.E.S.,Greenville
First,Greenville,Church of Christ-Scientist Christian Science,Greenville
First,Greenville,Presbyterian,Greenville
Associate Reform Presbyterian,Greenville,Associate Reform Presbyterian,Greenville
Riverside,Greenville,S.B.C.,Greenville
Augusta Road,Greenville,S.B.C.,Greenville
Rock Creek,Greenville,Negro Baptist,
Popular Spring,Greenville,Negro Baptist,Simpsonville
St. James Memorial,Greenville,Prot. Epis.,Greenville
Buncombe Street,Greenville,M.E.S.,Greenville
Third,Greenville,Presbyterian,Greenville
Central,Greenville,S.B.C.,Greenville
Trinity,Greenville,Lutheran,Greenville
Greenville First,Greenville,S.B.C.,Greenville
Christ Church,Greenville,Prot. Epis.,Greenville
St. Andrews,Greenville,Prot. Epis.,Greenville
Bethel,Greenville,M.E.S.,Greenville
Morgan Memorial,Greenville,S.B.C.,Greenville
Fourth,Greenville,Presbyterian,Greenville
Poe Mill,Greenville,S.B.C.,Greenville
Poe Mill,Greenville,M.E.S.,Greenville
Brandou,Greenville,M.E.S.,Greenville
St. Paul,Greenville,M.E.S.,Greenville
Mongahan,Greenville,Baptist S.B.C.,Greenville
Woodside,Greenville,M.E.S.,Greenville
Monaghan,Greenville,M.E.S.,Greenville
St. Mary's,Greenville,Catholic,Greenville
Choice Street,Greenville,M.E.S.,Greenville
Mills Mill,Greenville,M.E.S.,Greenville
Dunean,Greenville,M.E.S.,Greenville
Judson,Greenville,M.E.S.,Greenville
St. George,Greenville,Greek Orthodox,Greenville
First,Greenville,Church of Christ (Disciples of Christ)-Non-denom.,Greenville
Dunean,Greenville,S.B.C.,Greenville
Judson,Greenville,S.B.C.,Greenville
Poinsette,Greenville,S.B.C.,Greenville
West Greenville,Greenville,S.B.C.,Greenville
Monaghan,Greenville,Presbyterian,Greenville
Beth Israel,Greenville,Synagogue-Orthodox,Greenville
Union Bleachery,Greenville,S.B.C.,Greenville
St. John,Greenville,M.E.S.,Greenville
Washington Avenue,Greenville,S.B.C.,Greenville
Welcome,Greenville,S.B.C.,Greenville
Park Place,Greenville,S.B.C.,Greenville
Woodside,Greenville,Baptist,Greenville
Temple of Israel,Greenville,Orthodox,Greenville
Sans Souci S.B.C. Greenville,Greenville,,
Emmanuel,Greenville,S.B.C.,Greenville
Franklin,Greenville,S.B.C.,Greenville
Church of Good-General Assembly,Greenville,,Greenville
Calvary,Greenville,S.B.C.,Greenville
St. Marks M.E. Church,Greenville,M.E.,Greenville
Connie Maxwell Orphanage,Greenwood,S.B.C.,Greenwood
Bradley,Greenwood,A.R.P.,Bradley
Pine Grove,Greenwood,A.M.E.,
Main Street,Greenwood,M.E.S.,Greenwood
Lowell Street,Greenwood,M.E.S.,Greenwood
South Greenwood,Greenwood,M.E.S.,Greenwood
Galloway Memorial,Greenwood,M.E.S.,Greenwood
First Christian Church,Greenwood,Disciples of Christ,Greenwood
Our Lady of Lourdes,Greenwood,Roman Catholic,Greenwood
Rock Church,Greenwood,Presbyterian,
Greenwood,Greenwood,A.R.P.,Greenwood
Greenwood First,Greenwood,Presbyterian,Greenwood
Lockhart,Greenwood,Negro Baptist,
Immanuel,Greenwood,Evang. Lutheran S.B.C.,Greenwood
Greenwood First,Greenwood,S.B.C.,Greenwood
West Side Greenwood,Greenwood,S.B.C.,Greenwood
Greenwood South Main Street S.B.C. Greenwood,Greenwood,,
Church of Resurrection,Greenwood,Prot. Epis.,Greenwood
Bethlehem,Greenwood,M.E.S.,Coronaca
As మరియుM.E.S.,Greenwood,,Verdery
Ninety-Six,Greenwood,Presbyterian,Ninety Six
Coronaca,Greenwood,S.B.C.,Coronaca
Siloam,Greenwood,S.B.C.,
Bradley,Greenwood,S.B.C.,Bradley
Kinards,Greenwood,M.E.S.,
St. Pauls,Greenwood,M.E.S.,Ninety Six
Cedar Springs,Greenwood,A.R.P.,
Mt. Zion,Greenwood,A.M.E.,
Cross Road,Greenwood,Negro Baptist,
St. Paul,Greenwood,A.M.E.,Cokesbury
Mt. Sinai,Greenwood,,
Friendship,Greenwood,Negro Baptist,
White Oak,Greenwood,Negro Baptist,Cokesbury
Bethlehem,Greenwood,Negro Baptist,Ninety Six
Big Mt. Zion,Greenwood,Negro Baptist,
Macedonia,Greenwood,C.M.E.,
Dunham Temple,Greenwood,C.M.E.,Greenwood
Marshall Negro Baptist Chapel,Greenwood,Negro Baptist,
Mt. Zion,Greenwood,Negro Baptist,
Trinity,Greenwood,M.E.,Greenwood
Cedar Grove,Greenwood,A.M.E.,Bradley
Troy,Greenwood,A.R.P.,Troy
Duke Street,Greenwood,S.B.C.,Ninety Six
Horeb,Greenwood,S.B.C.,
Troy,Greenwood,S.B.C.,
Greenville,Greenwood,Presbyterian,
Walnut Grove,Greenwood,S.B.C.,
Hodges,Greenwood,Presbyterian,Hodges
St. James,Greenwood,Prot. Epis.,Ninety Six
Church of God,Greenwood,Church of God,Ware Shoals
Friendship,Greenwood,Pent. Holiness,
Mt. Lebanon,Greenwood,M.E.S.,
Epworth Tabernacle,Greenwood,M.E.S.,Epworth
Ware Shoals,Greenwood,M.E.S.,Ware Shoals
Troy,Greenwood,M.E.S.,Troy
Ninety Six First,Greenwood,S.B.C.,Ninety Six
Hodges,Greenwood,S.B.C.,Hodges
Donalds Creek,Greenwood,Negro Baptist,
Mulberry,Greenwood,Negro Baptist,
Friendship,Greenwood,A.M.E.,Troy
Second,Greenwood,Negro Baptist,Troy
New China,Greenwood,Negro Baptist,Troy
Piney Grove,Greenwood,A.M.E.,
Enoree,Greenwood,Negro Baptist,
Mt. Pisgah,Greenwood,A.M.E.,Greenwood
Tabernacle,Greenwood,Negro Baptist,Greenwood
Hodges,Greenwood,M.E.S.,Hodges
Mountain Creek,Greenwood,S.B.C.,
Fellowship,Greenwood,S.B.C.,
Mt. Moriah,Greenwood,S.B.C.,
Memorial,Greenwood,Presbyterian,Ware Shoals
Bethel,Greenwood,M.E.S.,
Pent. Holiness,Greenwood,Pent. Holiness,Ninety Six
Cambridge,Greenwood,M.E.S.,Ninety Six
Salem,Greenwood,M.E.S.,Godsey
Tranquil,Greenwood,M.E.S.,
Rehoboth,Greenwood,M.E.S.,
Turkey Creek,Greenwood,S.B.C.,
Bold Spring,Greenwood,S.B.C.,
Ware Shoals,Greenwood,S.B.C.,Ware Shoals
Trinity,Greenwood,M.E. (Negro),Ninety Six
Wesley Chapel,Greenwood,M.E. (Negro),
Allen A.M.E. Chapel,Greenwood,A.M.E.,
Weston A.M.E. Chapel,Greenwood,A.M.E.,Greenwood
Mt. Pleasant,Greenwood,A.M.E.,Ninety Six
Young's Negro Baptist Chapel,Greenwood,Negro Baptist,
Mt. Pisgah,Greenwood,Negro Baptist,
Antioch,Greenwood,Negro Baptist,
Mt. Olive,Greenwood,Negro Baptist,
Damascus,Greenwood,Negro Baptist,
Flint Hill,Greenwood,Negro Baptist,
Morris Negro Baptist Chapel,Greenwood,Negro Baptist,Greenwood
Mt. Moriah,Greenwood,Negro Baptist,
Damascus,Greenwood,S.B.C.,
Old Cokesbury,Greenwood,M.E.S.,Cokesbury
Second Thankful,Hampton,Negro Baptist,
New Castle,Hampton,Negro Baptist,
Steep Bottom,Hampton,S.B.C.,
St. Marks,Hampton,A.M.E.,Shirley
Cypress,Hampton,S.B.C.,
St. John's,Hampton,M.E.S.,Garnett
Sand Hill,Hampton,Baptist,M.E.S.
Harmony,Hampton,Presbyterian,Crockerville
Sandy Drain,Hampton,Prim. Baptist,
Mt. Carmel,Hampton,M.E.S.,
Mill Creek,Hampton,Primitive Baptist,
Sanders Branch,Hampton,Primitive Baptist,
Deep Branch,Hampton,S.B.C.,
St. Paul,Hampton,Negro Baptist,
Jackson Branch,Hampton,Negro Baptist,
Shady Grove,Hampton,Negro Baptist,
Cedar Grove,Hampton,Disciples of Christ,
First,Hampton,African Baptist,
Jones Chapel,Hampton,C.M.E.,
Pilgrim's Ford,Hampton,Negro Baptist,Yemassee
Cherry Grove,Hampton,Disciples of Christ,
Heavenly Rest,Hampton,Prot. Epis,
Estill,Hampton,Presbyterian,Estill
Estill,Hampton,M.E.S.,Estill
Miley Community-undenom.,Hampton,,Miley
Brunson,Hampton,Christian-Disciples of Christ,Brunson
Spring Hill,Hampton,Negro Baptist,
Mt. Zion,Hampton,Negro Baptist,
Second,Hampton,Negro Baptist,Brunson
St. Paul's,Hampton,Primitive Baptist,
Bethlehem,Hampton,Negro Baptist,Early Branch
Zion Fair,Hampton,Negro Baptist,
Scotia,Hampton,S.B.C.,Scotia
St. John's,Hampton,A.M.E.,Brunson
Brunson,Hampton,M.E.S.,Brunson
Martin Temple,Hampton,C.M.E.,Estill
Varnville,Hampton,Christian-Disciples of Christ,Varnville
Faith Chapel,Hampton,Prot. Epis.,Estill
Hampton,Hampton,S.B.C.,Hampton
Prospect,Hampton,United Evang. Lutheran,Early Branch
Varnville,Hampton,M.E.S.,Varnville
Luray Christian Church,Hampton,Disciples of Christ,Luray
Black Creek,Hampton,Primitive Baptist,
Mt. Olive,Hampton,Negro Baptist,
Varnville,Hampton,S.B.C.,Varnville
Nixville,Hampton,S.B.C.,
Brunson,Hampton,S.B.C.,Brunson
Hopewell,Hampton,S.B.C.,
Prince William,Hampton,Primitive Baptist,
Samaritan,Hampton,Negro Baptist,Varnville
Bethlehem,Hampton,Negro Baptist,
Huspah,Hampton,Negro Baptist,
Hampton,Hampton,M.E.S.,Hampton
Furman,Hampton,M.E.S.,Furman
Mt. Zion,Hampton,A.M.E.,
Brunson C.M.E. Chapel,Hampton,C.M.E.,Brunson
St. Peter's,Hampton,A.M.E.,Estill
Lawtonville,Hampton,S.B.C.,Estill
Blount C.M.E. Chapel,Hampton,C.M.E.,Varnville
Stafford,Hampton,S.B.C.,
Furman,Hampton,S.B.C.,Furman
St. John's,Hampton,Negro Baptist,
Sinai,Hampton,Negro Baptist,
First Estill,Hampton,Negro Baptist,Estill
Ridgeville,Hampton,S.B.C.,
Antioch Christian Church,Hampton,Disciples of Christ,
Harmonia,Hampton,Negro Baptist,
Black Swamp,Hampton,M.E.S.,
Wilkerson,Hampton,Negro Baptist,
Jerusalem,Hampton,Negro Baptist,Early Branch
Stoney Creek,Hampton,Independent Presbyterian,McPhersonville
Hickory Grove,Hampton,S.B.C.,
Whippy Swamp,Hampton,Primitive Baptist,
Sandy Run,Hampton,Baptist,
St. Luke or Blake,Hampton,A.M.E.,Blake Plantation
Eferson,Hampton,Negro Baptist,
Lovewell,Hampton,Negro Baptist,
Sweet Rose,Hampton,Negro Baptist,
Union,Hampton,Negro Baptist,Valentine
Thompson A.M.E. Chapel,Hampton,A.M.E.,
Long Branch,Hampton,Negro Baptist,
Emanuel,Hampton,R.M.U.E.,
Macedonia,Hampton,Negro Baptist,
St. Peter's,Hampton,A.M.E.,
Wish Well,Hampton,Negro Baptist,Gifford
Annie Laurie,Hampton,Negro Baptist,
St. Luke,Hampton,Negro Baptist,
Sand Hill,Hampton,Negro Baptist,
King's Branch,Hampton,Negro Baptist,
Happy Home,Hampton,Negro Baptist,Scotia
Mt. Pleasant,Hampton,A.M.E.,
Hopewell,Hampton,C.M.E.,
Good Hope,Hampton,Negro Baptist,
Mt. Zion,Hampton,Negro Baptist,
Old Thankful,Hampton,Negro Baptist,
Kenyon,Hampton,Negro Baptist,
Ebernezer,Hampton,A.M.E.,
New Hope,Hampton,Negro Baptist,
Gaines Hill,Hampton,Negro Baptist,
Good Will,Hampton,Negro Baptist,
Second Point Savannah,Hampton,Negro Baptist,
Silver Hill,Hampton,Negro Baptist,
Browning,Hampton,Disciples of Christ,
Early Branch,Hampton,M.E.S.,Early Branch
Beach Branch,Hampton,(Coosawhatchie) S.B.C.,
Robertsville,Hampton,Baptist,
House of Prayer for All,Hampton,,
Red Oak,Horry,S.B.C.,
Good Hope,Horry,S.B.C.,
Beulah,Horry,S.B.C.,Daisy
Mt. Leon,Horry,S.B.C.,Hammond
Pleasant Hill,Horry,S.B.C.,Hammond
Simpson Creek,Horry,Prim. Baptist,Daisy
Buck Creek,Horry,S.B.C.,Longs
Ebernezer,Horry,M.E.S.,Longs
Pleasant Plains,Horry,S.B.C.,Brookville
Mt. Ararot,Horry,S.B.C.,Ocean Drive
Salem,Horry,S.B.C.,Cook Springs
Cedar Creek,Horry,M.E.S.,Little River
Cool Springs,Horry,M.E.S.,Cool Springs
First,Horry,S.B.C.,Myrtle Beach
Aynor,Horry,M.E.S.,Aynor
Pleasant Meadow,Horry,S.B.C.,Green Sea
Collins,Horry,S.B.C.,Burgess
White Oak Bay,Horry,S.B.C.,Conway
Berea,Horry,S.B.C.,Cool Springs
Juniper Bay,Horry,S.B.C.,
Cane Branch,Horry,S.B.C.,Allsbrook
Sweet Water Branch,Horry,S.B.C.,Savannah Bluff
Pee Dee,Horry,Prim. Bapt,
Green Sea,Horry,S.B.C.,Green Sea
Hickory Grove,Horry,S.B.C.,
Bayboro,Horry,S.B.C.,Bayboro
New Light,Horry,S.B.C.,Gurley
Pine Grove,Horry,S.B.C.,Conway
Galivant's Ferry,Horry,S.B.C.,Galivants Ferry
New Yome No. 2,Horry,S.B.C.,Galivants Ferry
Cedar Grove,Horry,S.B.C.,Cedar Grove
Conway First,Horry,S.B.C.,Conway
Pee Dee,Horry,S.B.C.,Pawley Swamp
Ridgefield,Horry,S.B.C.,Conway
Grace S.B.C. Chapel,Horry,S.B.C.,Bucksport
Antioch,Horry,Church of Christ S.B.C.,Galivants Ferry
Maple,Horry,S.B.C.,
Pleasant Hill,Horry,Prim. Baptist,Myrtle Beach
Oakie Swamp,Horry,S.B.C.,
Mt. Ariel,Horry,Freewill Baptist,Homewood
Aynor,Horry,S.B.C.,Aynor
Red Hill,Horry,M.E.S.,Galivants Ferry
Conway,Horry,M.E.S.,Conway
Antioch,Horry,M.E.S.,
Willow Springs,Horry,M.E.S.,
Mineral Springs,Horry,M.E.S.,
Centenary,Horry,M.E.S.,Savannah Bluff
El Bethel,Horry,M.E.S.,
Union,Horry,M.E.S.,Toddville
Brown's Swamp,Horry,,
Minutes of Waccamaw Circuit 1836-1855,Horry,,
First,Horry,Presbyterian,Myrtle Beach
Waccamaw,Horry,Presbyterian,
Skippers Chapel,Horry,Undenom.,Juniper Bay
Pentecostal Holiness,Horry,Pentecostal Holiness,Conway
Bayboro,Horry,Presbyterian,Bayboro
Loris,Horry,Presbyterian,Loris
Greenwood,Horry,S.B.C.,Conway
Union Valley,Horry,S.B.C.,Wampee
Bethlehem,Horry,S.B.C.,Shell
Carolina,Horry,S.B.C.,Green Sea
Tilley Swamp,Horry,S.B.C.,Tilley Swamp
Sharon,Horry,S.B.C.,Hand
United,Horry,S.B.C.,Hand
Socastee,Horry,M.E.S.,Socastee
Zoan S.B.C.O.,Horry,,Lake Swamp
Durants,Horry,M.E.S.,Hickory Grove
Loris,Horry,S.B.C.,Loris
Loris,Horry,M.E.S.,Loris
Cherry Hill,Horry,S.B.C.,Daisy
Macedonia,Horry,S.B.C.,
Free Light-Ind.,Horry,Mis. Baptist,Daisy
New Home No. 1,Horry,S.B.C.,Allsbrook
Sweet Home,Horry,S.B.C.,Longs
Sandy Plains,Horry,M.E.S.,Galivants Ferry
Rehobeth,Horry,M.E.S.,Galivants Ferry
Rehobeth,Horry,S.B.C.,Aynor
Mt. Hermon,Horry,S.B.C.,Aynor
Jordanville,Horry,M.E.S.,Jordanville
High Point,Horry,S.B.C.,Jordanville
Pisgah,Horry,M.E.S.,Aynor
Kingston,Horry,Presbyterian,Conway
Mitchell,Horry,Mis.Bap. (Negro),Green Sea
St. Elizabeth,Horry,Mis. Bap.,Aynor
New Hope,Horry,A.M.E.,Bayboro
Chesterfield,Horry,Mis. Bap. (Negro),Wampee
St. John,Horry,Free Will Bap. (Negro),Aynor
St. Joseph No. 2,Horry,Mis. Baptist,Wampee
Pent. Holiness (Negro),Horry,Pent. Holiness (Negro),Bucksport
Free Vine,Horry,Negro Baptist,Conway
St. John's,Horry,Pent. Holiness (Negro),Conway
Mt. Zion,Horry,Holiness (Negro),Conway
Savannah Bluff,Horry,Pentecostal Holiness (Negro),Savannah Bluff
Salem,Horry,A.M.E. Zion,Bucksport
Bethel,Horry,A.M.E.,Conway
St. James,Horry,A.M.E.,Conway
Mt. Zion,Horry,A.M.E.,Wampee
Poplar,Horry,A.M.E.,Wampee
Iona,Horry,M.E.S.,
Mt. Zion,Horry,A.M.E.,
St. John,Horry,A.M.E.,Chestnut Cross Roads
Ebenezer,Horry,A.M.E.,Toddville
St. James,Horry,A.M.E.,Free Woods
Browns Chapel,Horry,A.M.E. Zion,Bucksville
Cherry Hill-Carey Lott,Horry,Mis. Baptist,Conway
Mt. Pisgah,Horry,Baptist,Conway
Jerusalem,Horry,Negro Mis. Baptist,Bucksport
Bethlehem,Horry,Mis.Baptist,Conway
Mt. Moriah,Horry,Mis. Baptist,Bucksport
Salem,Horry,Mis.Baptist,"""Free Woods"""
St. Peter,Horry,Mis. Baptist (Negro),"""Free Woods"""
Mt. Olive,Horry,Mis. Baptist (Negro),Bayboro
Doctor's Chapel,Horry,Free Will Baptist (Negro),Conway
St. Paul's,Horry,Mis. Bap. (Negro),Conway
Hemingway Chapel,Horry,A.M.E.,Conway
Sandy Grove,Horry,Mis. Baptist (Negro),Myrtle Beach
Mt. Olive,Horry,A.M.E.,Myrtle Beach
St. Paul,Horry,A.M.E.,Little River
St. Peter's,Horry,A.M.E.,Cool Springs
St. Matthew's,Horry,Mis. Baptist (Negro),Cool Springs
Mc-Neal Chapel,Horry,Mis. Bap. (Negro),Allsbrook
Little Lamb,Horry,Free Will Baptist,"""Caw Ford"""
Hill's Chapel,Horry,Mis. Bap. (Negro),Cedar Creek
Hickory Grove,Horry,Mis. Bap. (Negro),Cedar Creek
Oak Grove,Horry,S.B.C.,Fair Bluff
Spring Branch,Horry,S.B.C.,Fair Bluff
Floyds,Horry,M.E.S.,Floyds
Wannamaker,Horry,S.B.C.,Duford Cross Roads
Mt. Olive,Horry,S.B.C.,Mt. Olive
Bakers Chapel,Horry,S.B.C.,Conway
New Hope,Horry,Independent Baptist,Conway
Wampee,Horry,M.E.S.,Wampee
Browns Chapel,Horry,Baptist,Conway
Little River,Horry,M.E.S.,Little River
Homewood,Horry,M.E.S.,Conway
Salem,Horry,M.E.S.,Conway
Cedar Creek,Horry,S.B.C.,Nichols
Pleasant View,Horry,S.B.C.,Green Sea
Hebron,Horry,M.E.S.,
Zion,Horry,Ch. M.E.S.,Galivants Ferry
Poplar,Horry,M.E.S.,Maple
Church of Jesus Christ of Latter Day Saints-Mormon,Jasper,Church of Jesus Christ of Latter Day Saints-Mormon,Ridgeland
Ridgeland,Jasper,S. B.C.,Ridgeland
Lovely Hill,Jasper,Negro Baptist,Ridgeland
Pine Level,Jasper,S.B.C.,
Black Swamp,Jasper,S. B.C.,Robertville
Camden,Kershaw,S.B.C.,Camden
Our Lady of Perpetual Help,Kershaw,Roman Catholic,Camden
Lyttleton Street,Kershaw,M. E. S.,Camden
Trinity,Kershaw,Methodist (Negro),Camden
Second Presbyterian (Negro) Camden,Kershaw,,
Bethesda,Kershaw,Presbyterian,Camden
Mt. Moriah,Kershaw,Negro Baptist,Camden
Grace,Kershaw,Protestant Episcopal-Prot. Epis.,Camden
Kershaw,Kershaw,M.E.S.,Kershaw
Kershaw First,Kershaw,S. B.C.,Kershaw
Church of God-Holiness,Kershaw,Church of God-Holiness,Camden
Union,Kershaw,S.B.C.,
Harmony,Kershaw,S.B.C.,
Good Aim,Kershaw,Negro Baptist,
Shady Grove,Kershaw,A. M. E.,
Blaney,Kershaw,S. B. C.,
Spring Vale,Kershaw,S. B.C.,
Ebernezer,Kershaw,M.E.S.,
Shiloh,Kershaw,M.E. (Negro),
Mt. Joshua,Kershaw,M.E. (Negro),
Beulah,Kershaw,M. E.S.,
Concord,Kershaw,S. B. C.,
St. Matthews,Kershaw,M.E. (Negro),
Hermitage,Kershaw,S.B.C.,
Antioch,Kershaw,S. B. C.,
Temple Bethel-Hebrew Benevolent Society,Kershaw,,Camden
Bethlehem,Kershaw,Negro Baptist,Lugoff
Gum Springs,Kershaw,Negro Baptist,
Pentecostal Holiness,Kershaw,Pentecostal Holiness,Camden
Chapel Church,Kershaw,Prot. Epis.,Camden
Emanuel,Kershaw,M. E. (Negro),Camden
Belmont,Kershaw,Negro Baptist,Westville
Unity,Kershaw,Negro Baptist,Kershaw
Bingham Chapel,Kershaw,A.M. E.,Westville
Sardis,Kershaw,Negro Baptist,Camden
Edward's Chapel,Kershaw,A.M.E. Zion,Camden
Betheny,Kershaw,(Old Hickory Head) Baptist S.B.C.,Westville
Rowan,Kershaw,Presbyterian,Lugoff
Kershaw,Kershaw,Presbyterian,Kershaw
Liberty Hill,Kershaw,Presbyterian,
Swift Creek,Kershaw,S. B.C.,Boykin
Tabernacle,Kershaw,Negro Baptist,
Second,Kershaw,Presbyterian (Negro),Liberty Hill
First,Kershaw,Baptist (New Light) (Negro),Liberty Hill
Mt. Olivet,Kershaw,S.B.C.,
Mt. Prospect,Kershaw,M.E.,
Clinton,Kershaw,A.M. E. Zion,Kershaw
Macedonia,Kershaw,Negro Baptist,
St. Stephen,Kershaw,Negro Baptist,
Mt. Zion,Kershaw,Neg. Baptist,
Broom Hill,Kershaw,(Green Hill) Negro Baptist,
Mt. Pilgrim,Kershaw,Negro Baptist,
Nazareth,Kershaw,Negro Baptist,
Mt. Zion,Kershaw,Negro Baptist,Camden
Wesley Chapel,Kershaw,M.E.,
Bethune,Kershaw,S.B.C.,Bethune
Pine Tree,Kershaw,Presbyterian,Cassatt
Hanging Rock,Kershaw,M.E.S.,
Wateree,Kershaw,S.B.C.,Wateree Mill Village
St. Paul,Kershaw,M. E.,
Red Hill,Kershaw,Negro Baptist,
Sandy Level,Kershaw,Negro Baptist,Bethune
Cassatt,Kershaw,S.B.C.,
Refuge,Kershaw,S.B.C.,
Beaver Creek,Kershaw,Presbyterian,
Abney,Kershaw,S.B.C.,
Sweet Home,Kershaw,Negro Baptist,
Kershaw Second,Kershaw,S.B.C.,
Kershaw First,Kershaw,Negro Baptist,Kershaw
Ephesus First,Kershaw,Baptist (Negro),
Smyrna,Kershaw,M. E.,
Zion Hill,Kershaw,,DeKalb
Rock Hill,Kershaw,M. E.,
Bethune,Kershaw,M. E.S.,Bethune
Bethune,Kershaw,Presbyterian,Bethune
New Hope,Kershaw,S.B.C.,
Providence,Kershaw,S.B.C.,
Damascus,Kershaw,M.E.S.,Westville
Macedonia,Kershaw,M.E.,Camden
Buffalo,Kershaw,S. B. C.,
St. Paul,Kershaw,M.E.S.,
Free Will Baptist,Kershaw,Free Will Baptist,Camden
Malvern Hill,Kershaw,S.B.C.,
Malvern Hill,Kershaw,Prot. Epis.,
Beaver Dam,Kershaw,S.B.C.,
Rock Hill,Kershaw,M.E.S.,
Smyrna,Kershaw,M.E.S.,
DeKalb,Kershaw,S. B.C.,DeKalb
Mt. Zion,Kershaw,Negro Baptist,
Mt. Pilgrim,Kershaw,Negro Baptist,
Flat Rock,Kershaw,Negro Baptist,
Second Calvary,Kershaw,Negro Baptist,
Cedar Rock,Kershaw,Negro Baptist,
St. John,Kershaw,Negro Baptist,
Mill Creek,Kershaw,Negro Baptist,Bethune
Mt. Joshua,Kershaw,Negro Baptist,
Hyco,Kershaw,Negro Baptist,
Pate Mission,Kershaw,M. E. (Negro),
Weeping Mary,Kershaw,Negro Baptist,
Sanders Creek,Kershaw,Negro Baptist,
Free Will African Methodist-A. M. E. Independent Church of God,Lancaster,Free Will African Methodist-A. M. E. Independent Church of God,
St. Paul,Lancaster,A. M. E.,Lancaster
Zion Pilgrim,Lancaster,Baptist (Negro),
Frazer's Temple,Lancaster,A.M.E.Zion,
Zion,Lancaster,Methodist M.E.S.,
Pentecostal Holiness Church,Lancaster,Pentecostal Holiness,Lancaster
David's Stand,Lancaster,A.M.E.Zion,
Hopewell,Lancaster,M.E.S.,
Union,Lancaster,S.B.C.,
Pleasant Grove,Lancaster,National Baptist Convention,
White Bluff,Lancaster,S.B.C.,
Lancaster Second,Lancaster,S.B.C.,Lancaster
Tabernacle,Lancaster,M.E.S.,
White Springs S.B.C. Charlesboro,Lancaster,S.B.C.,
Bethlehem,Lancaster,S.B.C.,
Pentecostal Holiness Church of Kershaw,Lancaster,,
Christ Church,Lancaster,Prot. Epis.,Lancaster
Fork Hill,Lancaster,S.B.C.,
Oak Hill,Lancaster,S.B.C.,
Rich Hill,Lancaster,S.B.C.,
Flat Creek,Lancaster,S.B.C.,
Flint Ridge,Lancaster,S.B.C.,
Pleasant Hill,Lancaster,S.B.C.,Pleasant Hill
Gill's Creek,Lancaster,A.R.P.,
Heath Springs,Lancaster,Presbyterian,Heath Springs
Douglas,Lancaster,Presbyterian,
Lancaster,Lancaster,,
Lancaster,Lancaster,A.R.P.,Lancaster
Lancaster,Lancaster,Presbyterian,Lancaster
Pleasant Hill,Lancaster,A.R.P.,
Belair,Lancaster,M.E.S.,
Camp Creek,Lancaster,(Lower) M.E.S.,
Mt. Zion,Lancaster,A.M.E.Zion,Lancaster
St. Luke,Lancaster,M.E.S.,
Van Wyck,Lancaster,M.E.S.,Van Wyck
Calvary,Lancaster,S.B.C.,Lancaster
Salem,Lancaster,M.E.S.,Heath Springs
Grace,Lancaster,M.E.S.,Lancaster
Old Waxhaw,Lancaster,Presbyterian,
Lancaster First,Lancaster,S.B.C.,Lancaster
New Hope,Lancaster,S.B.C.,
Center Grove,Lancaster,S.B.C.,
Heath Springs,Lancaster,S.B.C.,Heath Springs
Pleasant Ridge,Lancaster,Presbyterian,Lancaster
Bethel,Lancaster,S.B.C.,
Antioch,Lancaster,S.B.C.,
High Point,Lancaster,S.B.C.,
Tirzah,Lancaster,(Lower) Presbyterian,
Shiloh,Lancaster,A.R.P.,
Unity A.R.P. Camp Creek,Lancaster,S.B.C.,
Six Mile,Lancaster,Presbyterian,
Midway,Lancaster,S.B.C.,
Van Wyck,Lancaster,Presbyterian,Van Wyck
Lancaster,Lancaster,M.E.S.,Lancaster
First Washington-Union Bright Light Assn. (Negro),Lancaster,,Lancaster
Warrior's Chapel,Lancaster,A.M.E.Zion,
Centennial,Lancaster,A.M.E.Zion,
Carup Creek,Lancaster,A.M.E.Zion,
Spring Hill,Lancaster,A.M.E.Zion,
Bethlehem,Lancaster,A.M.E.,
Pleasant Hill,Lancaster,A.M.E.Zion,Heath Springs
Salem,Lancaster,A.M.E.Zion,
Spring Hill,Lancaster,A.M.E.Zion,
North Corner,Lancaster,A.M.E.Zion,
Steel Hill,Lancaster,A.M.E.Zion,
Mt. Moriah,Lancaster,A.M.E.Zion,
Bright Light,Lancaster,Negro Baptist,Pleasant Hill
Black Jack,Lancaster,Negro Baptist,Kershaw
Spring Hill,Lancaster,S.B.C.,
Osceola,Lancaster,M.E.S.,
Beaver Creek,Lancaster,S.B.C.,
Taxahaw,Lancaster,S.B.C.,Taxahaw
Pleasant Plain,Lancaster,S.B.C.,
Pentecostal Holiness,Lancaster,Pentecostal Holiness,Lancaster
The Church of God-The,Lancaster,Ch. of God Holiness,Lancaster
New Bethel or Second,Lancaster,S.B.C.,Lancaster
Ebenezer,Lancaster,S.B.C.,
St. John,Lancaster,Negro Baptist,
St. Paul,Lancaster,Negro Baptist,
El Bethel,Lancaster,A.M.E. Zion,
Mt. Carmel,Lancaster,A.M.E.Zion,
Gold Hill,Lancaster,A.M.E.Zion,
Holiness (or Sanctified)-Holiness,Lancaster,Holiness (or Sanctified)-Holiness,
Cross Roads,Lancaster,Negro Baptist,
New Zion,Lancaster,Negro Baptist,
Gethsemane,Lancaster,Negro Baptist,
New Hope,Lancaster,A.M.E.Zion,
White Oak,Lancaster,A.M.E.Zion,
Ora,Laurens,A.R.P.,Ora
Providence,Laurens,A.R.P.,Clinton
Laurens,Laurens,A.R.P.,Laurens
St. John's,Laurens,Evan. Lutheran,Clinton
Pentecostal Holiness,Laurens,Pentecostal Holiness,Goldville
Reedy Grove-Pent,Laurens,,
Pentecostal Holiness,Laurens,Pentecostal Holiness,
Church of God Holiness,Laurens,Church of God Holiness,
Langston,Laurens,S.B.C.,
Poplar Springs,Laurens,S.B.C.,
Durbin Creek,Laurens,S.B.C.,
Warrior Creek,Laurens,S.B.C.,
Rabun,Laurens,S.B.C.,
Highland Home,Laurens,S.B.C.,
Friendship,Laurens,S.B.C.,
New Harmony,Laurens,S.B.C.,
Cedar Grove,Laurens,S.B.C.,
Mount Olive,Laurens,S.B.C.,
Gray Court,Laurens,S.B.C.,Gray Court
First,Laurens,S.B.C.,Laurens
Laurens Second,Laurens,S.B.C.,Laurens
Lucas Ave.,Laurens,S.B.C.,Watts Mill
First,Laurens,Baptist S.B.C.,Clinton
Lydia,Laurens,S.B.C.,Clinton
Goldville,Laurens,S.B.C.,Goldville
Hurricane,Laurens,Baptist Church of Christ,
Mountville,Laurens,S.B.C.,Mountville
Cross Hill,Laurens,S.B.C.,Cross Hill
Bethabara,Laurens,S.B.C.,
Princeton,Laurens,S.B.C.,Princeton
Mt. Gallagher,Laurens,S.B.C.,
Enoree,Laurens,S.B.C.,Enoree
Lanford,Laurens,S.B.C.,Lanford
Holly Grove,Laurens,Baptist,
Hopewell,Laurens,M.E.S.,
King's Chapel,Laurens,M.E.S.,
Patterson's Chapel,Laurens,M.E.S.,Lanford
Princeton,Laurens,M.E.S.,Princeton
Pentecostal Holiness,Laurens,Pentecostal Holiness,
Trinity,Laurens,M.E.S.,
Gray Court,Laurens,M.E.S.,Gray Court
Owings,Laurens,M.E.S.,Ownings
Mt. Bethel,Laurens,M.E.S.,
Shiloh,Laurens,M.E.S.,
Bramlett's,Laurens,M.E.S.,
Cross Hill,Laurens,M.E.S.,Cross Hill
Epworth,Laurens,M.E.S.,Goldville
Bethlehem,Laurens,M.E.S.,
Bailey Memorial,Laurens,M.E.S.,Clinton
Lydia,Laurens,M.E.S.,Lydia Mill
Leesville,Laurens,M.E.S.,
St. James,Laurens,M.E.S.,Watts Mill
Central,Laurens,M.E.S.,
Little River,Laurens,Presbyterian,
Duncan's Creek,Laurens,Presbyterian,
Rocky Springs,Laurens,Presbyterian,
Liberty Springs,Laurens,Presbyterian,Cross Hill
Friendship,Laurens,Presbyterian,
Bethany,Laurens,Presbyterian,
First,Laurens,Presbyterian,Clinton
New Harmony,Laurens,Presbyterian,
Shady Grove,Laurens,Presbyterian,
First,Laurens,Presbyterian,Laurens
Todd Memorial,Laurens,Presbyterian,Laurens
Lydia,Laurens,Presbyterian,Clinton
Goldville,Laurens,Presbyterian,Goldville
Lisbon,Laurens,Presbyterian,
Mountville,Laurens,Presbyterian,Mountville
Dorroh,Laurens,Presbyterian,Gray Court
Presbyterian Church,Laurens,Presbyterian,Owings
Watts Mill,Laurens,Presbyterian,Watts Mill
Mt. Pleasant,Laurens,S.B.C.,
New Prospect,Laurens,S.B.C.,Madden
New Harmony,Laurens,M.E.S.,
Laurel Hill Negro,Laurens,,
St. Paul's,Laurens,Negro Baptist,Laurens
St. John's,Laurens,Negro Baptist,
White Plain,Laurens,Negro Baptist,Mountville
Flat Ruff,Laurens,Negro Baptist,
Zion Hill,Laurens,Negro Baptist,
Hopewell,Laurens,Negro Baptist,
Center Rabun,Laurens,Negro Baptist,Gray Court
Church of God-Evening Light (Negro),Laurens,Church of God-Evening Light (Negro),Laurens
Bethel,Laurens,A.M.E.,Laurens
Mt. Pisgah,Laurens,Presbyterian (Negro),Laurens
Church of the Epiphany,Laurens,Prot. Epis.,Laurens
Sandy Springs,Laurens,M.E.S.,
Thornwell Memorial,Laurens,Presbyterian,Clinton
First,Laurens,M.E.S.,Laurens
Dials,Laurens,M.E.S.,Laurens
Rock Bridge,Laurens,Presbyterian,
Old Fields,Laurens,Presbyterian,Ora
Chestnut Ridge,Laurens,S.B.C.,
Memorial Presbyterian Church,Laurens,Presbyterian,Ware Shoals
Broad Street,Laurens,Methodist,Clinton
Soul's Chapel,Laurens,M.E.S.,
Calvary,Laurens,S.B.C.,Clinton Mill
Waterloo,Laurens,S.B.C.,Waterloo
Beaverdam,Laurens,S.B.C.,
Rocky Springs (Negro),Laurens,,
Cedar Grove (Negro),Laurens,,
Good Hope,Laurens,Negro Baptist,
Bethel,Laurens,A.M.E.,
Smyrna,Laurens,A.M.E.,
New Hope,Laurens,A.M.E.,Mountville
Head Springs,Laurens,A.R.P.,
Mount Zion,Laurens,Negro Baptist,
New Grove,Laurens,Negro Baptist,
Pitt's,Laurens,Presbyterian (Negro),
Brown's Tabernacle,Laurens,Church of God (Negro),Laurens
Duncan's Creek,Laurens,Negro Baptist,
Union,Laurens,S.B.C.,
Bishopville,Lee,Presbyterian,Bishopville
Lynchburg,Lee,Presbyterian,Lynchburg
Bishopville,Lee,S.B.C.,Bishopville
Lynchburg,Lee,S.B.C.,Lynchburg
St. Philip's,Lee,Prot. Epis.,
Bethany,Lee,M.E.S.,
Mt. Zion,Lee,Presbyterian,
Bishopville,Lee,(New Bethlehem) M.E.S.,Bishopville
St. Matthew,Lee,A.M.E.,Lynchburg
Warren Chapel,Lee,C.M.E.,
Lynchburg,Lee,M.E.S.,Lynchburg
Bishopville,Lee,Presbyterian (Negro),Bishopville
Savannah Advent Christian Church,Lee,Christian,
Liberty Hill,Lee,S.B.C.,
Hebron,Lee,M.E.S.,
St. Phillip's,Lee,A.M.E.,
Ashland,Lee,M.E.S.,
Scope Avenue,Lee,A.M.E.,
Cedar Creek,Lee,S.B.C.,
Turkey Creek,Lee,Presbyterian,
Pate's Chapel,Lee,Negro Baptist,
Little Brown Chapel,Lee,Reformed Mis. Baptist,
Shaw's Mission,Lee,A.M.E.,
Bethany,Lee,M.E.S.,
St. Matthew,Lee,M.E.S.,
Smart Mission,Lee,A.M.E.,
High Hill-True Lights Church of Christ,Lee,,
Jerusalem,Lee,Negro Baptist,
Gum Springs,Lee,Negro Baptist,
New Hope,Lee,Negro Baptist,Lucknow
Mt. Zion,Lee,C.M.E.,Bishopville
St. Matthew,Lee,Negro Baptist,
Little Zion,Lee,Negro Baptist,
New Jerusalem,Lee,Negro Baptist,
Salem,Lee,M.E.S.,
Negro-Interdenominational,Lee,Negro-Interdenominational,
Lucknow,Lee,M.E.S.,Lucknow
Mt. Pleasant,Lee,Primitive Baptist,
Sandy Grove,Lee,C.M.E.,
New Hope,Lee,Presbyterian,
Kelly,Lee,Church of God Holiness,
Mt. Herman,Lee,Negro Baptist,Bishopville
Wayside,Lee,S.B.C.,
Concord,Lee,Methodist Protestant,
Liberty,Lee,Negro Baptist,
Ebenezer,Lee,C.M.E.,
Mispah,Lee,S.B.C.,
Church of God-Holiness (Negro),Lee,Church of God-Holiness (Negro),
Sanders Bluff,Lee,M.E. (Negro),
Pleasant Hill,Lee,Meth. Protestant,
Calvary-All Saints,Lee,Holiness,
Savannah,Lee,Negro Baptist,Elliott
Philadelphia,Lee,M.E. (Negro),
St. Paul No. 2,Lee,M.E. (Negro),
Mt. Olive,Lee,A.M.E.,
Elizabeth,Lee,Negro Baptist,
Marshall,Lee,M.E.S.,
Spring Hill,Lee,A.M.E.,
Hepzibah,Lee,Presbyterian,
St. John,Lee,M.E.S.,
Bethlehem,Lee,Negro Baptist,
Unionville,Lee,"(""Flemmon's Shade"" 1869) A.M.E.",
St. John,Lee,A.M.E.,
Mt. Moriah,Lee,M.E. (Negro),
St. Luke,Lee,M.E.S.,Elliott
Elliott,Lee,S.B.C.,Elliott
St. Andrew's Chapel,Lee,Holiness Church of God,
Mt. Sinai,Lee,Presbyterian (Negro),
Mt. Lisbon,Lee,Presbyterian (Negro),
New Bethel,Lee,Negro Baptist,
New Zion,Lee,A.M.E.,
Mt. Beulah,Lee,M.E. (Negro),
Emanuel,Lee,A.M.E.,
St. Black,Lee,Negro Baptist,
New Bethel,Lee,A.M.E.,
Barnettville,Lee,Negro Baptist,
St. Paul No. 1,Lee,M.E. (Negro),
New Heaven,Lee,,
Green Bay,Lee,Negro Baptist,
King Emanuel,Lee,Negro Baptist,
Rembert,Lee,M.E.S.,
Bethlehem,Lee,Negro Presbyterian,
Mt. Pleasant,Lee,A.M.E.,
Pate's Grove,Lee,Holiness Church of God (Negro),
St. John's,Lee,Catholic-Roman Catholic,Bishopville
Bishopville,Lee,Hebrew Congregation-Orthodox,Bishopville
St. Stephen's,Lexington,Unit.Evang. Lutheran,Lexington
Pisgah,Lexington,Unit. Evang. Lutheran,
Mt. Hermon,Lexington,Unit. Evang. Lutheran,
Mt. Hebron,Lexington,M.E.S.,
Red Bank,Lexington,M.E.S.,Red Bank
Mt. Horek,Lexington,M.E.S.,
Red Bank,Lexington,S.B.C.,Red Bank
Lexington,Lexington,S.B.C.,Lexington
Old Lexington,Lexington,S.B.C.,
Round Hill,Lexington,S.B.C.,
Mt. Pleasant,Lexington,Negro Baptist,
Providence,Lexington,Evang. Luth. (Negro),
Mt. Zion,Lexington,A.M.E.,
Nazareth,Lexington,Evang. Luth.,
St. James,Lexington,United Evan.Luth.,Red Bank
Mt. Olive,Lexington,Evang. Luth.,Irmo
Zion,Lexington,Unit. Lutheran,
Lexington,Lexington,M.E.S.,Lexington
St. John's,Lexington,Unit.Evang.Luth.,
Pilgrim,Lexington,Evang.Luth.,
Bethany,Lexington,Unit. Evang. Luth.,
St. David's,Lexington,Evang.Luth,
Cayce,Lexington,M.E.S.,Cayce
First,Lexington,S.B.C.,West Columbia
Cayce,Lexington,S.B.C.,Cayce
Mt. Tabor,Lexington,Unit. Evang. Luth.,W. Columbia
Holy Trinity,Lexington,Evang. Luth.,W. Columbia
Swansea,Lexington,S.B.C.,Swansea
Oak Grove,Lexington,M.E.S.,
Mt. Pleasant,Lexington,Negro Baptist,Swansea
Zion,Lexington,Holiness (Negro),Gaston
Swansea,Lexington,M.E.S.,Swansea
Calvary,Lexington,M.E.S.,
Sardis,Lexington,S.B.C.,
Good Shepherd,Lexington,Evang. Luth.,Swansea
Ebenezer,Lexington,M.E.S.,
Kings Grove,Lexington,S.B.C.,
Pelion,Lexington,M.E.S.,Pelion
Hall Hill,Lexington,Negro Baptist,
Sandy Run,Lexington,S.B.C.,Gaston
Grace,Lexington,Evang. Luth.,Gilbert
Brookland,Lexington,M.E.S.,W. Columbia
St. Peter's,Lexington,(Meetzes) Evan.Luth.,
St. Matthews,Lexington,Evang.Luth.,
St. Paul's,Lexington,Evang.Luth.,
Holy Trinity,Lexington,Evang.Luth.,Pelion
Mt. Horeb,Lexington,Evang. Luth.,Chapin
Beulah,Lexington,M.E.S.,
Shiloh,Lexington,M.E.S.,Dixiana
Gilbert,Lexington,M.E.S.,Gilbert
St. John's,Lexington,Evang. Luth,
Florence,Lexington,S.B.C.,
Cedar Grove,Lexington,Evang. Luth,
Macedonia,Lexington,Negro Baptist,Irmo
St. Paul's,Lexington,Negro Baptist,Lexington
Zion Hopewell,Lexington,Negro Baptist,
Bethel,Lexington,A.M.E.,Lexington
St. Anne's,Lexington,Prot.Epis.,Cayce
Young Chapel,Lexington,A.M.E.,Irmo
Emanuel,Lexington,A.M.E.,
Pleasant Spring,Lexington,A.M.E.,
Irmo,Lexington,Presbyterian (Negro),Irmo
St. John,Lexington,C.M.E.,
Calvary,Lexington,A.M.E.,Leesville
Friendship,Lexington,Negro Baptist,Leesville
Oak Oak Grove,Lexington,S.B.C.,
Steedman,Lexington,S.B.C.,Steedman
Convent,Lexington,S.B.C.,
Pine Grove,Lexington,S.B.C.,
Pond Branch,Lexington,M.E.S.,
St. Jacobs,Lexington,Evang.Luth.,
Ebenezer,Lexington,M.E.S.,
Leesville,Lexington,M.E.S.,Leesville
St. John's,Lexington,M.E.S.,Batesburg
Boiling Springs,Lexington,M.E.S.,
Shiloh,Lexington,M.E.S.,
Bethel,Lexington,M.E.S.,
St. James,Lexington,Evang. Lutheran,Summit
St. John's,Lexington,Evang. Luth.,
(Poplar Spring) Enon,Lexington,Evang.Luth.,
Union,Lexington,Evang.Luth.,
St. Andrews,Lexington,Evang.Luth,
Wittenburg,Lexington,Evang.Luth.,Leesville
Emanuel,Lexington,Evang.Luth.,Long Branch Community
Leesville,Lexington,S.B.C.,Leesville
Faith,Lexington,Evang.Luth.,Batesburg
Batesburg-Leesville,Lexington,Presbyterian,Batesburg-Leesville
Harmony,Lexington,S.B.C.,
Samaria,Lexington,S.B.C.,
Batesburg,Lexington,S.B.C.,Batesburg
New Hope,Lexington,S.B.C.,
Antioch,Lexington,S.B.C.,
Sharon,Lexington,M.E.S.,
Olive Branch,Lexington,Negro Baptist,Batesburg
Mt. Zion,Lexington,Negro Baptist,Batesburg
St. Matthew,Lexington,C.M.E.,Leesville
Pisgah,Lexington,A.M.E.,Dixiana
St. James,Lexington,C.M.E.,Batesburg
St. Michaels,Lexington,(Blue Church) Evang.Luth.,
Salem,Lexington,M.E.S.,
St. Peters,Lexington,Evang.Luth.,
Bethlehem,Lexington,S.B.C.,
Middleburg,Lexington,M.E.S.,Batesburg
Middleburg,Lexington,S.B.C.,Batesburg
Providence,Lexington,S.B.C.,
St. Paul's,Lexington,Prot.Epis.,Batesburg-Leesville
Union Church,Lexington,M.E.S.,Irmo
Pleasant Hill,Lexington,S.B.C.,
W. Columbia,Lexington,Presbyterian,W. Columbia
Batesburg,Lexington,Christian,Batesburg
Marion,Marion,Presbyterian,Marion
Church of England,Marion,,Prot.Epis.
Beulah,Marion,C.M.E.,Mullins
Church of God-Holiness (Negro),Marion,Church of God-Holiness (Negro),Sellers
House,Marion,of God-Pent.Holiness (Negro),Mullins
St. John,Marion,Free Will Baptist (Negro),
Christ Church,Marion,Negro Baptist,
Eulonia,Marion,S.B.C.,
St. John,Marion,Free Will Baptist,Sellers
St. Paul,Marion,Negro Baptist,Mullins
Ebenezer,Marion,A.M.E.,Mullins
First,Marion,M.E.S.,Marion
Sellers,Marion,M.E.S.,Sellers
St. Matthews,Marion,Negro Baptist,
Beulah,Marion,Negro Baptist,
St. Stephens,Marion,Free Will Baptist,
Buck Swamp,Marion,Freewill Baptist,
Reedy Creek,Marion,S.B.C.,
New Life,Marion,Interdenom.,
Friendship,Marion,Negro Baptist,Nichols
Williams Chapel,Marion,A.M.E.,Nichols
Mt. Olive,Marion,Negro Baptist,Mullins
St. John's,Marion,Negro Baptist,
Nelson's Church,Marion,Holiness (Negro),Marion
Marion,Marion,S.B.C.,Marion
First,Marion,S.B.C.,Nichols
St. John,Marion,Negro Baptist,Nichols
Page's Mill,Marion,Meth.Prot.,
Church of God-Holiness,Marion,Church of God-Holiness,
Zion Hill,Marion,Apostolic Faith,Mullins
Church of England Chapel,Marion,Prot. Epis.,Sandy Bluff Section
Tabernacle,Marion,Interdenom.,Mullins
Mullins,Marion,Presbyterian,Mullins
First,Marion,S.B.C.,Mullins
Centenary,Marion,M.E.S.,Centenary
Church of the Advant,Marion,Prot.Epis.,Marion
Millers,Marion,M.E.S.,
Pleasant Hill,Marion,M.E.S.,
Spring Branch,Marion,M.E.S.,
Olivet,Marion,M.E.S.,Rains
Tranquil,Marion,M.E.S.,
Friendship,Marion,S.B.C.,
Spring Street Church,Marion,M.E.S.,Marion
Pee Dee,Marion,S.B.C.,Gresham
Old Ark,Marion,M.E.S.,
Little Bethel,Marion,S.B.C.,
Wahee,Marion,M.E.S.,
Ariel,Marion,S.B.C.,
Pine Grove,Marion,S.B.C.,
Emanuel,Marion,S.B.C.,
Oak Grove,Marion,S.B.C.,
Britton's Neck,Marion,S.B.C.,
Nebo,Marion,S.B.C.,
St. Paul Holiness Church,Marion,Ch. of God (Negro),Marion
Bethlehem,Marion,Negro Baptist,Marion
Carolina Marion,Marion,,
St. James,Marion,Reformed Methodist (Negro),Marion
Ellen,Marion,Hol.-Ch.of God (Negro),Marion
Seventh Day Adventist (Negro),Marion,Seventh Day Adventist (Negro),
Chapel-Free Will Mission,Marion,Holiness (Negro),Mullins
Mount Carmel,Marion,Negro Baptist,Mullins
James Chapel-Fire Baptised,Marion,Hol. of God (Negro),Marion
Six Mt. Zion,Marion,Negro Baptist,Mullins
Mt. Pisgah,Marion,Negro Baptist,Marion
St. John,Marion,A.M.E.,Marion
Bethel Bethel,Marion,A.M.E.,Marion
Christ Church,Marion,Prot. Epis.,Mullins
Nichols,Marion,S. B.C.,Nichols
Gapway,Marion,S.B.C.,
Mill Creek,Marion,Negro Baptist,Mullins
Second,Marion,Presbyterian (Negro),Marion
Old Field,Marion,Negro Baptist,Mullins
New Life Freewill Mission,Marion,Holiness (Negro),
Holy Church,Marion,Freewill Negro Baptist,Marion
Nazarene Negro Baptist,Marion,Nazarene Negro Baptist,Mullins
West Marion Negro Baptist Chapel,Marion,Negro Baptist,Marion
Center,Marion,M.E.S.,Mullins
Nichols,Marion,M.E.S.,Nichols
Terrells Bay,Marion,S.B.C.,Centenery
St. Mary's,Marion,A.M.E.,
Bethlehem,Marion,A.M.E.,
Effingham,Marion,Negro Baptist,
Jerusalem,Marion,Negro Baptist,Rains
Centerville,Marion,Negro Baptist,Centenary
Pleasant Grove,Marion,Negro Baptist,
Red Hill,Marion,Negro Baptist,
White Hill,Marion,Negro Baptist,
Libera-Carolina,Marion,Holiness (Negro),
St. James,Marion,A.M.E.,
Bethel,Marion,A.M.E.,
Zion-Carolina,Marion,Holiness (Negro),
Nebo,Marion,M.E.S.,
Shiloh,Marion,M.E.S.,
Church of God,Marion,Church of God,Marion
Macedonia,Marion,M.E.S.,Mullins
Union,Marion,S.B.C.,
Zion,Marion,M.E.S.,
John Wesley,Marion,A.M.E.,
St. Paul,Marion,Negro Baptist,
Good Hope,Marion,A.M.E.,Centenary
Soule's Chapel,Marion,A.M.E.,
Mt. Zion,Marion,A.M.E.,Zion
Friendship,Marion,A.M.E.,
St. Paul,Marion,Fire Baptized Holiness (Negro),Sellers
Weeping Willow,Marion,Negro Baptist,
Johnson Chapel,Marion,Fire Baptized Hol. (Negro),
Central,Marion,M.E.S.,
Soule's Chapel,Marion,M.E.S.,Gresham
The,Marlboro,Church of God-Holiness,Bennettsville
Pine Grove,Marlboro,M.E.S.,
New Harley,Marlboro,Negro Baptist,
Evans A.M.E. Zion Chapel,Marlboro,A.M.E. Zion,
Smyrna,Marlboro,M.E.S.,
Reedy Branch,Marlboro,A.M.E.,
Ashbury,Marlboro,M.E.S.,
Tatum,Marlboro,S.B.C.,Tatum
Bethlehem,Marlboro,M.E.S.,Brownship Township
Shiloh,Marlboro,M.E.S.,Bennettsville
St. Daniel's African Zion,Marlboro,,Dunbar
Clio,Marlboro,S.B.C.,Clio
Macedonia,Marlboro,Negro Baptist,Bennettsville
Antioch,Marlboro,M.E.S.,
Mt. Zion Tabernacle,Marlboro,Hol. (Negro),Bennettsville
Saren,Marlboro,S.B.C.,
Second,Marlboro,Negro Baptist,Bennettsville
Triumph,Marlboro,Hol.Ch.of God (Negro),
Salem,Marlboro,S.B.C.,
Mt. Olive Holiness Church (Negro),Marlboro,Holiness,Bennettsville
Beaver Dam,Marlboro,Mis. Baptist,McColl
Hopewell,Marlboro,M.E.S.,Tatum
First Ch. of the,Marlboro,Nazarene,Bennettsville
Freewill Baptist,Marlboro,Freewill Baptist,
Ebenezer,Marlboro,M.E.S.,
Fair Plains,Marlboro,A.M.E.,
Level Green,Marlboro,M.E.S.,
Boykin,Marlboro,M.E.S.,
Bruton's Form,Marlboro,S.B.C.,
St. Mathews Chapel,Marlboro,Free Will Baptist (Negro),
Tatum,Marlboro,Presbyterian,Tatum
Hickory Grove,Marlboro,S.B.C.,
St. Michael's,Marlboro,Methodist (Negro),Bennettsville
Mt. Tabor,Marlboro,Negro Baptist,
St. Peter's Chapel,Marlboro,A.M.E. Zion,Clio
Shiloh,Marlboro,Baptist,Bennettsville
Tatum,Marlboro,M.E.S.,Tatum
Clio,Marlboro,M.E.S.,Clio
Hebron,Marlboro,M.E.S.,
McColl,Marlboro,Presbyterian,McColl
Dunbar,Marlboro,Presbyterian,Dunbar
Saw Mill,Marlboro,Mis. Baptist,
Parnassus,Marlboro,M.E.S.,
Mt. Zion,Marlboro,S.B.C.,
New Zion,Marlboro,A.M.E.,Clio
St. Michael's,Marlboro,Methodist (Negro),Bennettsville
St. Paul's,Marlboro,Prot. Epis.,Bennettsville
Mt. Hebron Pres. (Negro),Marlboro,,
Great Pee Dee,Marlboro,Presbyterian,
Clio,Marlboro,Presbyterian,Clio
Pressley Memorial,McCormick,A.R.P.,McCormick
McCormick,McCormick,M.E.S.,McCormick
McCormick,McCormick,S.B.C.,McCormick
Asbury,McCormick,M.E.S.,Meriwether
Bethlehem,McCormick,S.B.C.,Clarks Hill
Plum Branch,McCormick,S.B.C.,Plum Branch
Modoc,McCormick,S.B.C.,Modoc
St. Paul,McCormick,M.E.S.,Plum Branch
Springfield,McCormick,A.M.E.,
Bethany,McCormick,Negro Baptist,Meriwether
Hopewell,McCormick,Negro Baptist,
The McKissick Memo.-Undenom. -DeLaLowe School,McCormick,,
St. Stephens,McCormick,Prot. Epis.,Willington
Willington,McCormick,Baptist-SBC,Willington
Buffalo,McCormick,S.B.C.,
Parksville,McCormick,SBC,Parksville
Mt. Carmel,McCormick,Presbyterian,Mt. Carmel
Mt. Carmel,McCormick,A.R.P.,Mt. Carmel
Laurel Grove,McCormick,Negro Baptist,
Hosannah,McCormick,Negro Baptist,Modoc
Holy Springs,McCormick,Negro Baptist,
St. Mary,McCormick,A.M.E.,
New Hope,McCormick,Negro Baptist,
Harper's Chapel,McCormick,Ch. of God,Mt. Carmel
Bethany,McCormick,Negro Baptist,McCormick
Pine Grove,McCormick,A.M.E.,
Bordeau,McCormick,M.E.S.,
Hopewell,McCormick,Presbyterian,
Shiloh,McCormick,A.M.E.,
Bethany,McCormick,S.B.C.,
Republican,McCormick,M.E.S.,
Mt. Vernon,McCormick,M.E.S.,
Long Cane,McCormick,A.R.P.,
Spring Grove,McCormick,Negro Baptist,
Sumner Memorial,Newberry,Unit. Evang. Lutheran,Newberry
Mayes Memorial,Newberry,Lutheran,Newberry
Church of the Redeemer,Newberry,Luth.,Newberry
First,Newberry,S.B.C.,Newberry
East Side,Newberry,S.B.C.,Newberry
West End,Newberry,S.B.C.,Newberry
Oakland,Newberry,S.B.C.,Newberry
Aveleigh,Newberry,Presbyterian,Newberry
O'Neall Street,Newberry,M.E.S.,Newberry
Epting Memorial,Newberry,M.E.S.,Newberry
Bethesda,Newberry,M.E.S.,Newberry
Central,Newberry,M.E.S.,Newberry
Oakland,Newberry,M.E.S.,
Newberry,Newberry,A.R.P.,Newberry
St. Luke's,Newberry,Epis.,Newberry
Bethlehem,Newberry,Lutheran,Pomaria
Cannon's Creek,Newberry,A.R.P.,
Central,Newberry,M.E.S.,Newberry
Bush River,Newberry,Baptist,
Pleasant Grove,Newberry,A.M.E.,
St. Matthew,Newberry,A.M.E.,
Fairview,Newberry,Negro Baptist,
Miller's Chapel,Newberry,A.M.E.,Newberry
Calvary,Newberry,Presbyterian,Newberry
St. Marks,Newberry,A.M.E.,
Fellowship,Newberry,Negro Baptist,
Morris Chapel,Newberry,M.E.S.,Pomaria
St. Johns,Newberry,Evang. Lutheran,
Grace,Newberry,Evang. Lutheran,Prosperity
Holy Trinity,Newberry,Evang. Lutheran,Little Mountain
Mt. Tabor,Newberry,Evang. Lutheran,
Mt. Pleasant,Newberry,M.E.S.,
Ebenezer,Newberry,M.E.S.,
Whitmire,Newberry,M.E.S.,Whitmire
New Hope,Newberry,M.E.S.,
Smyrna,Newberry,Presbyterian,
Bethany,Newberry,Evang. Lutheran,Oakland Mill Village
St. Matthews,Newberry,Evang. Luth.,
Mt. Hermon,Newberry,Evang. Luth.,Peak
Unity,Newberry,A.R.P.,
Pomaria,Newberry,Evang. Luth.,Pomaria
Prosperity,Newberry,S.B.C.,Prosperity
Prosperity,Newberry,A.R.P.,Prosperity
Bethlehem,Newberry,Negro Baptist,Newberry
St. James,Newberry,A.M.E.,
St. Paul,Newberry,A.M.E.,
St. John,Newberry,Negro Baptist,
New Hope,Newberry,Negro Baptist,
Metropolitan,Newberry,Negro Baptist,
Sims Chapel,Newberry,Negro Baptist,
Whitmire First,Newberry,S.B.C.,Whitmire
Zion,Newberry,M.E.S.,
Whitmire,Newberry,Presbyterian,Whitmire
Bethel,Newberry,S.B.C.,
Saluda,Newberry,S.B.C.,Chappels
Beth Eden,Newberry,Evang. Lutheran,
Bethel,Newberry,M.E.S.,Silverstreet
Enoree,Newberry,S.B.C.,Keitts Cross Roads
Silverstreet,Newberry,Lutheran-Evang. Luth.,Silverstreet
St. Philips,Newberry,Evang. Lutheran,
Kings Creek,Newberry,A.R.P.,
St. Lukes,Newberry,Evang. Lutheran,
Lebanon,Newberry,M.E.S.,
Wightman,Newberry,M.E.S.,Prosperity
Wesleyan Meth.-Wel.,Newberry,Meth.,Whitmire
Welsh Zion,Newberry,Negro Baptist,
St. Matthews,Newberry,Negro Baptist,Newberry
Enoree,Newberry,Negro Baptist,
St. Pauls,Newberry,Evang. Luth.,
Mt. Olivet,Newberry,Evang. Luth.,
Backman Evang. Luth. Chapel,Newberry,Evang. Luth.,
Mt. Pilgrim,Newberry,Evang. Luth.,
Colony,Newberry,Evang. Luth.,
St. James,Newberry,Evang. Luth.,Jalapa
Cannon's Creek Mission,Newberry,A.R.P.,
Trinity,Newberry,M.E.S.,
New Chapel,Newberry,M.E.S.,
Ebenezer,Newberry,M.E.S.,
Cross Roads,Newberry,S.B.C.,
Mt. Zion,Newberry,S.B.C.,
Mt. Mariah,Newberry,A.M.E.,
Vaughnville Cross Road,Newberry,Negro Baptist,
Elisha,Newberry,A.M.E.,
Bush River,Newberry,Negro Baptist,
Little River,Newberry,Negro Baptist,
Brown's A.M.E. Chapel,Newberry,A.M.E.,Helena
Shiloh,Newberry,A.M.E.,Prosperity
Mt. Olive,Newberry,A.M.E.,
Capers M.E.S. Chapel,Newberry,M.E.S.,
Lebanon,Newberry,M.E.S.,
Bethel,Newberry,M.E.S.,
Scurry's Spring Hill,Newberry,Negro Baptist,
Shole Creek,Oconee,S.B.C.,Clemson
Old Stone Presbyterian Church,Oconee,Presbyterian,
Westminster,Oconee,Baptist,Westminster
Fair Play,Oconee,Presbyterian,
Richland,Oconee,Presbyterian,Richland
Westminster,Oconee,Presbyterian,
Bethel,Oconee,Presbyterian,Walhalla
Fort Hill,Oconee,Presbyterian,Clemson College
Walhalla,Oconee,M.E.S.,Walhalla
Choie,Oconee,A.M.E.,Westminister
Wesleyan Methodist Ch,Oconee,,
Westminster,Oconee,M.E.S.,Westminster
St. John's,Oconee,Luth.-United Evang. Luth.,Walhalla
Seneca,Oconee,S.B.C.,Seneca
(Old) Pickens Ch.,Oconee,,Presbyterian
Seneca First,Oconee,Presbyterian,Seneca
Orangeburg,Orangeburg,Presbyterian,Orangeburg
Bethany,Orangeburg,Christian,
Gerezion,Orangeburg,M.E.S.,
Target,Orangeburg,M.E.S.,
Shiloh,Orangeburg,M.E.S.,
Springfield,Orangeburg,Negro Baptist,
Friendship,Orangeburg,A.M.E.,
Bethel,Orangeburg,A.M.E.,Holly Hill
Eutawville,Orangeburg,M.E.S.,Eutawville
Elloree,Orangeburg,M.E.S.,Elloree
Holly Hill,Orangeburg,M.E.S.,Holly Hill
St. Paul,Orangeburg,A.M.E.,
Shiloh,Orangeburg,A.M.E.,Elloree
Live Oak,Orangeburg,A.M.E.,
Bethlehem,Orangeburg,M.E.S.,
Tabernacle,Orangeburg,Negro Baptist,
Waring Chapel,Orangeburg,Negro Baptist,Orangeburg
Lovely Hill,Orangeburg,Negro Baptist,Holly Hill
St. James,Orangeburg,Negro Baptist,Eutawville
Providence,Orangeburg,Negro Baptist,
Holly Hill,Orangeburg,S.B.C.,Holly Hill
Eutawville,Orangeburg,S.B.C.,Eutawville
Corinth,Orangeburg,S.B.C.,
Four Hole,Orangeburg,S.B.C.,
Spring Hill,Orangeburg,Negro Baptist,
Mt. Hebron,Orangeburg,Negro Baptist,
Oak Grove,Orangeburg,Negro Baptist,
Santee,Orangeburg,S.B.C.,Elloree
St. Paul,Orangeburg,Negro Baptist,Elloree
Mt. Hebron,Orangeburg,Negro Baptist,
Church of Jesus Christ,Orangeburg,Apostolic Faith,
Shiloh,Orangeburg,A.M.E.,Eutawville
White House,Orangeburg,M.E.S.,
Ebenezer,Orangeburg,A.M.E.,
Providence,Orangeburg,M.E.S.,
Ebenezer,Orangeburg,M.E.S.,
Jericho,Orangeburg,A.M.E.,
Silas A.M.E. Chapel,Orangeburg,A.M.E.,
Wightman,Orangeburg,M.E.S.,Bowman
Mt. Olivet,Orangeburg,A.M.E.,
Pineville,Orangeburg,A.M.E.,
Trinity,Orangeburg,Unit. Evan. Lutheran,Elloree
Liberty Hill,Orangeburg,Negro Baptist,
Mt. Pisgah,Orangeburg,Neg. Baptist,
Emancipation,Orangeburg,Negro Baptist,
Bowman,Orangeburg,S.B.C.,Bowman
Jerusalem,Orangeburg,M.E.S.,
Macedonia,Orangeburg,A.M.E.,Cope
William Chapel,Orangeburg,A.M.E.,Orangeburg
Good Home,Orangeburg,A.M.E.,
St. Paul,Orangeburg,Negro Baptist,Orangeburg
Trinity,Orangeburg,M.E. (Negro),Orangeburg
Bethlehem,Orangeburg,M.E.U.,
Wesley Grove,Orangeburg,M.E.S.,
Salvation Army-Undenom.,Orangeburg,Salvation Army-Undenom.,Orangeburg
Church of God-Holiness-(Negro),Orangeburg,Church of God-Holiness-(Negro),Orangeburg
First,Orangeburg,S.B.C.,Orangeburg
Orangeburg,Orangeburg,Lutheran-Evan.,Orangeburg
Church of the Redeemer,Orangeburg,Prot. Epis.,Orangeburg
Union,Orangeburg,M.E.S.,Cope
Holy Trinity,Orangeburg,Roman Catholic,Orangeburg
Sawyer Memorial,Orangeburg,S.B.C.,Cope
Edisto,Orangeburg,S.B.C.,
North M. angeburg,Orangeburg,,
St. John's,Orangeburg,M.E.S.,Woodford
Shiloh,Orangeburg,M.E.S.,
Eber-E.S.,Orangeburg,,North
St. John's,Orangeburg,M.E.S.,Woodford
Shiloh,Orangeburg,M.E.S.,
Ebernezer,Orangeburg,S.B.C.,Cordova
Prospect,Orangeburg,M.E.S.,Jamison
Wesley,Orangeburg,A.M.E.,North
Shiloh,Orangeburg,Negro Baptist,Orangeburg
Bull Swamp,Orangeburg,Negro Baptist,
Cedar Grove,Orangeburg,A.M.E.,
Felderville,Orangeburg,A.M.E.,
Red Hill,Orangeburg,Negro Baptist,
Mt. Pisgah,Orangeburg,Negro Baptist,Orangeburg
Mt. Zion,Orangeburg,A.M.E.,
St. Peters,Orangeburg,A.M.E.,
Cedar Grove,Orangeburg,Negro Baptist,
Liberty Hill,Orangeburg,Negro Baptist,Norway
Beauty Hill,Orangeburg,Negro Baptist,
Hickory Hill,Orangeburg,Negro Baptist,
Bethel,Orangeburg,A.M.E.,Livingston
Turkey Branch,Orangeburg,Negro Baptist,
St. Darcus,Orangeburg,Negro Baptist,
Nazarath,Orangeburg,A.M.E.,
St. Stephens,Orangeburg,A.M.E.,
Church of God in Christ,Orangeburg,Holiness (Negro),
Mt. Olive,Orangeburg,A.M.E.,
Double Branch,Orangeburg,S.B.C.,
Pine Hill,Orangeburg,M.E.S.,Pine Hill
Bethel,Orangeburg,S.B.C.,
Calvary,Orangeburg,S.B.C.,
Neeses,Orangeburg,S.B.C.,Neeses
Norway,Orangeburg,S.B.C.,Norway
St. John's,Orangeburg,M.E.S.,Norway
Willow Swamp,Orangeburg,S.B.C.,
Mt. Carmel,Orangeburg,S.B.C.,Jamison
Canaan,Orangeburg,S.B.C.,
North,Orangeburg,Baptist S.B.C.,North
Pleasant,Orangeburg,Negro Baptist,
Sardis,Orangeburg,M.E.S.,
Prospect,Orangeburg,M.E.S.,
Limestone,Orangeburg,M.E.S.,
St. Paul,Orangeburg,M.E.S.,Orangeburg
Neeses,Orangeburg,M.E.S.,Neeses
Livingston,Orangeburg,M.E.S.,Livingston
New Hope,Orangeburg,M.E.S.,Rowesville
Branchville,Orangeburg,M.E.S.,Branchville
St. George,Orangeburg,S.B.C.,
Bethany,Orangeburg,S.B.C.,
Mt. Tabor,Orangeburg,S.B.C.,
Salem,Orangeburg,S.B.C.,
Walnut Grove,Orangeburg,S.B.C.,
Springfield,Orangeburg,S.B.C.,Springfield
Two Mile Swamp,Orangeburg,S.B.C.,
Crosland Memorial,Orangeburg,S.B.C.,Rowesville
Wilson Chapel,Orangeburg,M.E.,Branchville
Mt. Zion,Orangeburg,M.E.,Branchville
St. Michael,Orangeburg,M.E. (Negro),Bowman
St. Stephens,Orangeburg,M.E.,
Mayes Chapel,Orangeburg,M.E. (Negro),
Central,Orangeburg,M.E. (Negro),Rowesville
Hickory Grove,Orangeburg,Negro Baptist,Rowesville
Mt. Calvary,Orangeburg,Negro Baptist,
Jones Negro Baptist Chapel,Orangeburg,Negro Baptist,
St. John,Orangeburg,A.M.E.,Rowesville
St. Luke,Orangeburg,Presbyterian,Orangeburg
Sean Swamp,Orangeburg,S.B.C.,
Beaver Creek,Orangeburg,S.B.C.,
Pleasant Hill,Orangeburg,S.B.C.,
Lebanon,Orangeburg,M.E.S.,
Epiphany Chapel,Orangeburg,Prot. Epis.,Eutawville
St. Stephen,Orangeburg,Negro Baptist,
St. Luke,Orangeburg,Negro Baptist,
Bethel,Orangeburg,A.M.E.,Branchville
Calvary,Orangeburg,A.M.E.,
Samaria,Orangeburg,Negro Baptist,
Canaan,Orangeburg,Negro Baptist,Branchville
Butlers A.M.E. Chapel,Orangeburg,A.M.E.,Wolfton
Nebo,Orangeburg,M.E. (Negro),
St. Stephen,Orangeburg,M.E.(Negro),
Rocky Swamp,Orangeburg,M.E.S.,Neeses
Springfield,Orangeburg,M.E.S.,Springfield
Orange Chapel,Orangeburg,Evang. Lutheran,Springfield
Cattle Creek,Orangeburg,M.E.S.,Branchville
Bull Swamp,Orangeburg,S.B.C.,
Gethsemane,Orangeburg,(Penn Swamp) M.E.S.,
Trinity,Orangeburg,M.E.S.,
Mack Branch,Orangeburg,Negro Baptist,
Macedonia,Orangeburg,Negro Bap.,Orangeburg
Fort Chapel,Orangeburg,M.E. (Negro),Orangeburg
Bethlehem,Pickens,M.E.S.,Pickens
Pickens First,Pickens,Presbyterian,Pickens
Dacusville,Pickens,M.E.S.,Dacusville Village
Mt. Carmel,Pickens,S.B.C.,Dacusville Village
Pickens First,Pickens,S.B.C.,Pickens
Carmel,Pickens,Presbyterian,
Liberty,Pickens,Presbyterian,Liberty
Grace,Pickens,Methodist M.E.S.,Pickens
Mt. Bethel,Pickens,M.E.S.,
Six Mile,Pickens,Baptist S.B.C.,Six Mile
Secona,Pickens,S.B.C.,
Easley,Pickens,Presbyterian,Easley
Keowee,Pickens,S.B.C.,
St. Andrews,Richland,Unit.Evang. Luth,
Oak Grove,Richland,M.E.S.,
Taylor's Chapel,Richland,A.M.E.,
Bethel,Richland,Negro Baptist,Blythewood
Richland,Richland,Presbyterian (or McKenzie),
Brown's M.E.S. Chapel,Richland,M.E.S.,
Beulah,Richland,S.B.C.,
Zion,Richland,Negro Baptist,
Wesley Mem.,Richland,(or Waverly) M.E.S.,Columbia
Shandon,Richland,M.E.S.,Columbia
Washington St.,Richland,M.E.S.,Columbia
St. Paul's,Richland,Evang. Luth.,Columbia
Shandon,Richland,Presbyterian,Columbia
Mill Creek,Richland,M.E.S.,Lykesland
Ebenezer,Richland,M.E.S.,
St. Timothy's,Richland,Prot. Epis.,Columbia
Trinity,Richland,Prot. Epis.,Columbia
Cleaves Chapel,Richland,C.M.E.,Columbia
Congaree,Richland,S.B.C.,
Shandon,Richland,S.B.C.,Columbia
Eason Memorial,Richland,S.B.C.,Eastover
Union,Richland,Baptist (Negro),Columbia
Macedonia,Richland,Negro Baptist,Columbia
Gilbert's Negro Baptist Chapel,Richland,Negro Baptist,Columbia
Jehovah,Richland,Negro Baptist,Columbia
Bethlehem,Richland,Negro Baptist,Columbia
First Nazareth,Richland,Negro Baptist,Columbia
Second Calvary,Richland,Negro Baptist,Columbia
Zion,Richland,Negro Baptist,Columbia
Antioch,Richland,Negro Baptist,Columbia
Tabernacle,Richland,S.B.C.,Columbia
Southside,Richland,S.B.C.,Columbia
Riverside,Richland,S.B.C.,Columbia
Park St.,Richland,S.B.C.,Columbia
Columbia First,Richland,S.B.C.,Columbia
Eau Claire,Richland,S.B.C.,Columbia
Colonial Heights,Richland,S.B.C.,Columbia
Broadway,Richland,S.B.C.,Columbia
Whaley bia,Richland,,
Zion Benevolent,Richland,Negro Baptist,
College Place,Richland,M.E.S.,Cobia
Green Street,Richland,Methodist M.E.S.,
Colum-Street,Richland,M.E.S.,Columbia
lumbia,Richland,,
McLeods M.E.S. Chapel,Richland,M.E.S.,
Bethel,Richland,A.M.E.,
Crescent Hill,Richland,S.B.C.,Columbia
Bishop's Memorial A.M.E. Zion Chapel,Richland,A.M.E. Zion,Columbia
Sidnay Park,Richland,A.M.E. Zion,Columbia
Jones Chapel,Richland,A.M.E. Zion,Columbia
St. James,Richland,A.M.E. Zion,Columbia
Chappelle Station,Richland,A.M.E. Zion,Columbia
Zion,Richland,Prot. Epis.,Eastover
Trinity Mission,Richland,Prot. Epis.,Columbia
St. Matthews,Richland,Prot. Epis.,lumbia
St. John's,Richland,Prot. Epis.,Columbia
Good Shepherd,Richland,Prot. Epis.,Columbia
St. John's,Richland,Prot.Epis.,
Saint Anna,Richland,Prot.Epis.,Columbia
St. Luke's,Richland,Reformed Prot. Epis.,Columbia
St. Peters,Richland,Roman Catholic,Columbia
Mission of the Blessed Martin De Polles,Richland,Roman Catholic,Columbia
St. Francis de Sales,Richland,Roman Cath.,Columbia
Church of the Ascension,Richland,United Evan.Luth,Columbia
Ebenezer,Richland,United Evan.Luth.,Columbia
Church of the Reformation,Richland,United Evan.Luth.,Columbia
Church of the Incarnation,Richland,United Evan.Luth.,Columbia
St. Luke's,Richland,Unit. Evan.Luth.,Columbia
Church of Jesus Christ of Latter Day Saints-Mormon,Richland,Church of Jesus Christ of Latter Day Saints-Mormon,Columbia
Seventh Day Adventist,Richland,Seventh Day Adventist,Columbia
House of Peace,Richland,Orthodox Hebrew,Columbia
Salvation Army-Undenom.,Richland,Salvation Army-Undenom.,Columbia
Arsenal Hill,Richland,Presbyterian,Columbia
A.R.P. Church,Richland,A.R.P.,Columbia
Central,Richland,Church of Christ-Undenom.,Columbia
Columbia First,Richland,Presbyterian,Columbia
Rose Hill,Richland,Presbyterian,Columbia
Woodfin,Richland,S.B.C.,Columbia
Eau Claire,Richland,Presbyterian,Eau Claire
Main Street,Richland,M.E.S.,Columbia
Trinity,Richland,M.E.S.,Blythewood
St. Mark's,Richland,United Evan. Luth.,Blythewood
Beulah,Richland,M.E.S.,
Mt. Zion,Richland,Negro Baptist,
Pleasant Grove,Richland,Negro Baptist,
St. Philip,Richland,A.M.E.,
Shiloh,Richland,A.M.E.,
St. Thomas,Richland,Prot. Epis. (Negro),
Mt. Ararat or Bush Arbor,Richland,A.M.E.,
Jerusalem,Richland,Negro Baptist,Hopkins
Mt. Moriah,Richland,Negro Baptist,
Mt. Nebo,Richland,Negro Baptist,Wateree
Raleigh A.M.E. Chapel,Richland,A.M.E.,
Red Hill,Richland,Negro Baptist,
St. John's,Richland,Negro Baptist,Hopkins
Bethel,Richland,Evang. Lutheran,White Rock
Hopkins,Richland,Presbyterian,Hopkins
Lebanon,Richland,M.E.S.,
Church of God-Holiness,Richland,Church of God-Holiness,Columbia
Nazarene Tabernacle,Richland,Holiness,Columbia
Killian,Richland,S.B.C.,Killian
Mt. Olive,Richland,S.B.C.,
Mt. Elon,Richland,,
Good Hope,Richland,S.B.C.,
St. Louis,Richland,A.M.E.,Wateree
Mt. Pilgrim,Richland,Negro Baptist,Killian
Ch. of God-Sanctified,Richland,Ch. of God-Sanctified,
Daughter of Zion,Richland,Negro Baptist,
Mt. Zion,Richland,Negro Baptist,
St. Paul,Richland,Negro Baptist,
Mill Creek,Richland,Negro Baptist,Lykesland
Good Will,Richland,Negro Baptist,
Zion Pilgrim,Richland,Negro Baptist,Arthur
Dabney's Pond,Richland,Negro Baptist,
Piney Grove,Richland,Negro Baptist,Wilson's Mill
Mt. Pilgrim,Richland,Negro Baptist,
Daughter of Matthew,Richland,A.M.E.,
Sandy Level,Richland,S.B.C.,Blythewood
Free Will Baptist,Richland,Free Will Baptist,Columbia
Oak Grove Original Free Will,Richland,,Wilson's Mill
Mt. Pleasant or Camp Ground,Richland,M.E.S.,
Jackson Creek,Richland,S.B.C.,
Colonels Creek,Richland,S.B.C.,
Springdale Memorial,Richland,S.B.C.,
Spears Creek,Richland,S.B.C.,
Rehoboth,Richland,M.E.S.,Dentsville
Antioch,Richland,A.M.E.Zion,
Logs,Richland,M.E.S.,
Edgewood,Richland,M.E.S.,Edgewood
Zion Negro Baptist Chapel,Richland,Negro Baptist,
St. Peters,Richland,Negro Baptist,
Church of Jesus Christ,Richland,Latter Day Saints-Mormon,
Pisgah,Richland,M.E.S.,
Bethlehem,Richland,Evang. Luth.,
Piney Grove,Richland,A.M.E.,
Free Hope,Richland,A.M.E.,
Bethlehem,Richland,Negro Baptist,College Place
St. Peters,Richland,Negro Baptist,
Stover A.M.E. Chapel,Richland,A.M.E.,Columbia
Epworth Orphanage,Richland,M.E.S.,Columbia
St. Paul,Richland,A.M.E.,
St. James,Richland,Holiness,
Zion Canaan,Richland,Negro Baptist,State Park
Pine Grove,Richland,A.M.E.,
Shady Grove,Richland,M.E.S.,
Zion,Richland,M.E.S.,
Tree of Pine,Richland,A.M.E.,
Shady Grove,Richland,M.E.S.,
Zion,Richland,M.E.S.,
Tree of Life,Richland,Jewish,Columbia
St. John,Richland,Negro Baptist,Columbia
Mt. Pleasant,Saluda,Luth.-Evang.Luth.,Saluda
St. Paul's,Saluda,M.E.S.,Saluda
Bethlehem,Saluda,M.E.S.,
Red Bank,Saluda,Baptist SBC,Saluda
Nazareth,Saluda,M.E.S.,
Mt. Hebron,Saluda,Evang.Luth.,
Bethel,Saluda,S.B.C.,
Grace,Saluda,Prot. Epis.,Ridge Spring
Rehoboth,Saluda,M.E.S.,
Spann,Saluda,M.E.S.,Ward
Ridge Spring,Saluda,M.E.S.,Ridge Spring
Ward,Saluda,S.B.C.,Ward
Providence,Saluda,M.E.S.,
Clyde,Saluda,M.E.S.,
Dry Creek,Saluda,S.B.C.,
Ridge Spring,Saluda,S.B.C.,Ridge Spring
Sardis,Saluda,S.B.C.,
First Calvary,Saluda,Negro Baptist,
Ridge Branch,Saluda,Negro Baptist,
Cross Road,Saluda,A.M.E.,
Mine Creek,Saluda,Negro Baptist,
Shiloh,Saluda,Negro Baptist,
Pine Pleasant,Saluda,S.B.C.,
Hickory Grove,Saluda,Seventh Day Adventist,
Speigner,Saluda,S.B.C.,
Chestnut Hill,Saluda,S.B.C.,
Good Hope,Saluda,Evang.Lutheran,
Trinity,Saluda,Evang. Luth.,
Emory M.E.S. Chapel,Saluda,M.E.S.,
Zoar,Saluda,M.E.S.,
Shiloh,Saluda,M.E.S.,
Butler,Saluda,M.E.S.,
Bethany,Saluda,M.E.S.,
St. Williams,Saluda,Roman Catholic,
Branch Hill,Saluda,A.M.E.,
Young Mt. Zion,Saluda,Negro Baptist,
Pleasant Hill,Saluda,Negro Baptist,
Mt. Moriah,Saluda,Neg.Baptist,
Mt. Enon.,Saluda,Negro Baptist,
Mt. Alpha,Saluda,Negro Baptist,Ward
St. Paul,Saluda,Negro Baptist,
Wesley Zion,Saluda,Holiness,
Whitney Community M.E.S. Church,Spartanburg,M.E.S.,Whitney Mill Village
Whitney Community S.B.C. Church,Spartanburg,S.B.C.,Whitney Mill Village
Arkwright,Spartanburg,S.B.C.,Arkwright Mill Village
St. Paul,Spartanburg,A.M.E.,Spartanburg
Northside,Spartanburg,(formerly Gentry Memorial) Baptist,Spartanburg
Ligon Memorial,Spartanburg,S.B.C.,Arcadia Mill Village
Whitney,Spartanburg,Free Will Baptist,Whitney Mill Village
New Westminster,Spartanburg,Presbyterian (Negro),Spartanburg
Mt. Moriah,Spartanburg,National Baptist (Negro),Spartanburg
Landrum First,Spartanburg,S.B.C.,Landrum
Majority,Spartanburg,National Baptist (Negro),Spartanburg
Bethel,Spartanburg,Fire Baptized Hol. Ch. of God of the Americas (Negro),Spartanburg
Hayne,Spartanburg,S.B.C.,
Bethlehem,Spartanburg,S.B.C.,
Fairforest,Spartanburg,S.B.C.,
Thompson St.,Spartanburg,Nat'l Baptist,Spartanburg
Metropolitan,Spartanburg,A.M.E.Zion,Spartanburg
Silver Hill,Spartanburg,M.E. (Negro),Spartanburg
Trinity,Spartanburg,A.M.E.,Spartanburg
Smith,Spartanburg,M.E. (Negro),Spartanburg
Epiphany Mission,Spartanburg,Prot. Epis.,Spartanburg
Mount Zion,Spartanburg,Unit. Pentecostal Holiness-Ch. of God (Negro),Spartanburg
Holy Divine Tabernacle,Spartanburg,Holiness,Spartanburg
First Pentecostal Assembly,Spartanburg,Holiness,
St. Paul The Apostle,Spartanburg,Roman Catholic,Spartanburg
Beaumont,Spartanburg,M.E.S.,Beaumont Mill
Walker Memorial,Spartanburg,C.M.E.,Spartanburg
B'Nai Israel Temple-Orthodox &,Spartanburg,Reformed Jewish,Spartanburg
Spartanburg First,Spartanburg,S.B.C.,Spartanburg
Calvary,Spartanburg,S.B.C.,Spartanburg
Southside,Spartanburg,S.B.C.,Spartanburg
Green Street,Spartanburg,S.B.C.,Spartanburg
Switzer First,Spartanburg,S.B.C.,
Bethel,Spartanburg,M.E.S.,Spartanburg
Everybody's Mission,Spartanburg,Undenom.,Spartanburg
First,Spartanburg,Church of God,Spartanburg
El Bethel,Spartanburg,M.E.S.,Spartanburg
Second,Spartanburg,Presbyterian,Spartanburg
Spartanburg First,Spartanburg,Presbyterian,Spartanburg
Associate Reformed A.R.P.,Spartanburg,Associate Reformed A.R.P.,Spartanburg
Woman's Memorial,Spartanburg,Evang. Luth.,Spartanburg
Church of The Advent,Spartanburg,Prot. Epis.,Spartanburg
Seventh Day Adventist,Spartanburg,Seventh Day Adventist,Spartanburg
Citadel,Spartanburg,Salvation Army,Spartanburg
Summings St.,Spartanburg,Baptist (Negro),Spartanburg
Beaumont,Spartanburg,S.B.C.,Spartanburg
St. Luke's,Spartanburg,Evang.Luth.,Spartanburg
Church of Christ Scientist,Spartanburg,Christian Science,Spartanburg
St. Nicholas,Spartanburg,Greek Orthodox,Spartanburg
Duncan Memorial,Spartanburg,M.E.S.,Spartanburg
Glenn Springs,Spartanburg,Presbyterian,Glenn Springs Village
Central,Spartanburg,M.E.S.,Spartanburg
Wesleyan Methodist,Spartanburg,Wesleyan Methodist,Spartanburg
Billy Sunday Club,Spartanburg,,"Interdenom-Y.M.C.A., Spartanburg"
Drayton,Spartanburg,S.B.C.,Spartanburg
Saxon,Spartanburg,Baptist S.B.C.,Spartanburg
Saxon,Spartanburg,Church of God,Saxon Mill Village
Stephen Grove,Spartanburg,A.M.E. Zion,
Nativity,Spartanburg,Lutheran United Evang. Luth.,
Piedmont,Spartanburg,S.B.C.,
Sloan's Grove,Spartanburg,,
Campobello,Spartanburg,S.B.C.,Campobello
Walnut Hill,Spartanburg,S.B.C.,
Inman,Spartanburg,M.E.S.,Inman
Inman Mill,Spartanburg,M.E.S.,Inman
Inman First,Spartanburg,S.B.C. (formerly Mt. Calvary),Inman
Zion Hill,Spartanburg,(formerly Double Spring) Negro Baptist,Inman
Mount Pleasant,Spartanburg,S.B.C.,
Chesnee First,Spartanburg,S.B.C.,Chesnee
Cowpens Mills,Spartanburg,(formerly Central) S.B.C.,Cowpens
Zion,Spartanburg,S.B.C.,
Mt. Calvary,Spartanburg,Nat'l Negro Baptist,
First,Spartanburg,S.B.C.,Cowpens
Pleasant View,Spartanburg,M.E. (Negro),
Salem,Spartanburg,M.E.S.,Cowpens
Bethel,Spartanburg,M.E.S.,
Trinity,Spartanburg,M.E.S.,Spartanburg
Gospel Tent First,Spartanburg,Assembly of God,Spartanburg
Pentecostal Holiness Tabernacle,Spartanburg,Pent. Hol.,
Saxon Ave.,Spartanburg,Free Will Baptist,Spartanburg
Ben Avon,Spartanburg,S.B.C.,
Boiling Springs,Spartanburg,S.B.C.,
Zion Hill,Spartanburg,S.B.C.,
Liberty,Spartanburg,M.E.S.,
Davis Wesleyan Methodist Chapel,Spartanburg,Wesleyan Methodist,
Drayton,Spartanburg,M.E.S.,Spartanburg
Saxon,Spartanburg,M.E.S.,Saxon Mill Village
Cole Free Will Baptist Chapel,Spartanburg,Free Will Baptist,Arcadia Mill Village
Roebuck,Spartanburg,S.B.C.,
Inman Mill,Spartanburg,S.B.C.,Inman Mill Village
New Prospect,Spartanburg,A.M.E. Zion,
Golden Street,Spartanburg,Nat'l Baptist (Negro),Spartanburg
Macedonia,Spartanburg,Nat'l Baptist (Negro),Spartanburg
Nazareth,Spartanburg,Presbyterian,
Hardy Negro Baptist Chapel,Spartanburg,Negro Baptist,
Sardis,Spartanburg,M.E.,"Forest C.M.E. Chapel, Spartanburg"
Cherokee Springs,Spartanburg,S.B.C.,
Mountain View,Spartanburg,S.B.C.,
Cherokee,Spartanburg,M.E.S.,
Foster's Grove,Spartanburg,Nat'l Baptist,
Glendale,Spartanburg,Wesleyan Methodist,Glendale Mill Village
Lyman,Spartanburg,M.E.S.,Lyman Mill Village
Arcadia,Spartanburg,M.E.S.,Arcadia Mill Village
Clifton,Spartanburg,Presbyterian,Clifton No. 1 Mill Village
Chesnee Mill,Spartanburg,S.B.C.,Chesnee Mill Village
Church of Jesus Christ of Latter Day Saints,Spartanburg,Church of Jesus Christ of Latter Day Saints,Spartanburg
Holiness Tabernacle-Christ's Sanctified Holy Church,Spartanburg,,Spartanburg
Glendale,Spartanburg,Pentecostal Holiness,
Graham's Wesleyan Methodist Chapel,Spartanburg,Wesleyan Methodist,
Chesnee,Spartanburg,M.E.S.,Chesnee
Oak Grove,Spartanburg,S.B.C.,
Mount Olive,Spartanburg,(formerly Mountain View) S.B.C.,
Lyman First,Spartanburg,S.B.C.,Lyman
Glendale,Spartanburg,(formerly Bivingsville) S.B.C.,Spartanburg
Brown's C.M.E. Chapel,Spartanburg,C.M.E.,
Foster's National Baptist Chapel (Negro),Spartanburg,National Baptist,
Friendship,Spartanburg,Nat'l Baptist,
St. Timothy's Prot. Epis. Mission,Spartanburg,Prot. Epis.,Spartanburg
All Souls Prot. Epis. Chapel,Spartanburg,Prot. Epis.,Spartan Mill Village
Arrowood,Spartanburg,S.B.C.,
Trinity,Spartanburg,(formerly Hope) M.E.S.,
Second,Spartanburg,S.B.C.,
Olive Four Square Gospel-International,Spartanburg,Four Square,
St. Andrews,Spartanburg,M.E.S.,Clifton #2 Mill Village
Central,Spartanburg,M.E.S.,Clifton No. 1 Mill Village
Fairforest Nat'l Baptist Boyd's Convention,Spartanburg,,Fairforest Village
Glendale,Spartanburg,M.E.S.,Glendale
Clifton,Spartanburg,Wesleyan Methodist,Clifton #2 Mill Village
Converse,Spartanburg,(formerly Clifton #3 Baptist) S.B.C.,Converse Mill Village
Roebuck,Spartanburg,Presbyterian,Roebuck Village
Canaan,Spartanburg,S.B.C.,
Tucapau,Spartanburg,S.B.C.,Tucapau
Assembly of God-First,Spartanburg,Assembly of God,Spartanburg
Faith Tabernacle,Spartanburg,(formerly Whosoever Gospel Mission)-Interdenom.,
Allen's M.E. Chapel (Negro),Spartanburg,M.E.,
Mt. Sinai,Spartanburg,Negro Baptist,
Shiloh,Spartanburg,Nat'l Negro Baptist,
Cedar A-Springs,Spartanburg,S.B.C.,
New Pisgah,Spartanburg,S.B.C.,
Philadelphia,Spartanburg,S.B.C.,
Ben Avon,Spartanburg,M.E.S.,
Chesnee,Spartanburg,Wesleyan Methodist,Chesnee
Converse,Spartanburg,M.E.S.,Converse Mill Village
Tucapau,Spartanburg,Wesleyan Methodist,Tucapau Mill Village
Clifton No. 1,Spartanburg,S.B.C.,Clifton Mill Village No. 1
Tucapau,Spartanburg,M.E.S.,Tucapau Village
Valley Falls,Spartanburg,S.B.C.,Valley Falls Mill Village
Valley Falls,Spartanburg,Free Will Baptist,Valley Falls Mill Village
Bethesda,Spartanburg,S.B.C.,
Mount Zion,Spartanburg,S.B.C.,
Wellford,Spartanburg,S.B.C.,Wellford Village
New Trinity,Spartanburg,Nat'l Negro Baptist,
Bowers's Presbyterian Chapel (Negro),Spartanburg,Presbyterian,
Florence M.E. Chapel (Negro),Spartanburg,M.E.,
Wellford,Spartanburg,Presbyterian,Wellford
Whitestone,Spartanburg,M.E.S.,Whitestone Village
Fairmont,Spartanburg,(formerly Crawfordville) M.E.S.,Fairmont Mills Village
Pacolet,Spartanburg,(formerly Pleasant Grove) S.B.C.,Pacolet Village
Mt. Sinai,Spartanburg,Fire Baptized Holiness (Negro),
Mt. Calvary,Spartanburg,Nat'l Baptist (Negro),
Travelers Rest,Spartanburg,Nat'l Baptist (Negro),
Bethel,Spartanburg,(formerly Arthur's Chapel) C.M.E.,
Jones Tabernacle,Spartanburg,A.M.E.Zion,
Gethsemane,Spartanburg,Nat'l Baptist (Negro),
Abner's Creek,Spartanburg,S.B.C.,
Holly Springs,Spartanburg,S.B.C.,
Duncan,Spartanburg,(formerly Middle Tyger) S.B.C.,
Jackson,Spartanburg,S.B.C.,Jackson Mills Village
Friendship,Spartanburg,S.B.C.,
Shell-Anderson Memorial,Spartanburg,M.E.S.,Jackson Mill Village
Liberty Hill,Spartanburg,Meth.Prot.,
Pacolet,Spartanburg,Presbyterian,Pacolet
Pacolet Mills,Spartanburg,Pentecostal Holiness,Pacolet Mills
Pacolet Mills,Spartanburg,Baptist (formerly Trough Shoals) S.B.C.,Pacolet Mills
Montgomery Memorial,Spartanburg,(formerly Trough Shoals) M.E.S.,Pacolet Mills
Brown's Chapel,Spartanburg,S.B.C.,Pacolet Mills
Harrison Grove,Spartanburg,(formerly Harrion's Stand) Nat'l Baptist (Negro),
Mayfield Nat'l Baptist Chapel (Negro),Spartanburg,Nat'l Baptist,
Moore's Nat'l Baptist Chapel (Negro),Spartanburg,Nat'l Baptist,
Calvary,Spartanburg,Prot.Epis.,Glenn Springs Village
Inman,Spartanburg,Presbyterian,Inman
Pacolet,Spartanburg,Methodist (formerly Zion) M.E.S.,"Church of God, Pacolet Mills"
Montgomery Chapel,Spartanburg,Nat'l Baptist (Negro),
Cleveland Chapel,Spartanburg,Nat'l Baptist (Negro),
Piney Grove,Spartanburg,Nat'l Baptist (Negro),
New Shady Grove,Spartanburg,Nat'l Baptist (Negro),
Lewis Chapel,Spartanburg,Nat'l Baptist (Negro),
New Zion,Spartanburg,Nat'l Baptist,
Monk's Grove,Spartanburg,Nat'l Baptist,
Kansas Nat'l Baptist Chapel (Negro),Spartanburg,Nat'l Baptist,
New Salem,Spartanburg,Nat'l Baptist (Negro),
Fairmont (formerly Bivingsville,Spartanburg,,
later Crawfordsville),Spartanburg,S.B.C.,
Fairmont Mill Village,Spartanburg,,
Jones Chapel-Fire Baptized Holiness Church of God of the Americas,Spartanburg,,Spartanburg
Maxwell Nat'l Baptist Chapel,Spartanburg,Nat'l Baptist,Spartanburg
Asbury,Spartanburg,M.E. (Negro),
Mt. Calvary,Spartanburg,Presbyterian,
Shiloh,Spartanburg,M.E.S.,
Eirvin A.M.E.Zion Chapel,Spartanburg,A.M.E.Zion,Inman
New Prospect,Spartanburg,S.B.C.,New Prospect Village
Soul Winning Tabernacle,Spartanburg,Interdenom.,Converse Village
White Spring,Spartanburg,Pentecostal Holiness,
The,Spartanburg,Church of God-Congregational Holiness,Tucapau Village
United House of Prayer,Spartanburg,Interdenom. (Negro),Spartanburg
Hopewell,Spartanburg,Nat'l Baptist (Negro),
Landrum,Spartanburg,M.E.S.,Landrum
Fairview No. 2,Spartanburg,S.B.C.,
Holden Nat'l Baptist Chapel (Negro),Spartanburg,Nat'l Baptist,
Mountain View,Spartanburg,S.B.C.,
Parris Grove,Spartanburg,Holiness,
Gethsemane,Spartanburg,Nat'l Baptist (Negro),
Cross Anchor,Spartanburg,M.E.S.,Cross Anchor
Yarborough Meth.Prot. Chapel,Spartanburg,Meth.Prot.,
Mt. Zion,Spartanburg,C.M.E.,Cross Anchor
North Pacolet,Spartanburg,S.B.C.,
Bethel,Spartanburg,S.B.C.,
Fairview #1,Spartanburg,S.B.C.,
Rock Hill,Spartanburg,S.B.C.,
Engleside,Spartanburg,S.B.C.,
Appalache,Spartanburg,S.B.C.,Appalache Mill
Cooley Springs,Spartanburg,S.B.C.,
Reidville,Spartanburg,Presbyterian,Reidville
Antioch,Spartanburg,S.B.C.,
Carlisle Wesley,Spartanburg,Methodist,
Woodruff,Spartanburg,Presbyterian,Woodruff
Emma Gray Memorial (formerly Woodruff,Spartanburg,,
First),Spartanburg,M.E.S.,Woodruff
Grace,Spartanburg,M.E.S.,Brandon Mill Village
Woodruff,Spartanburg,A.R.P.,Woodruff
Woodruff First,Spartanburg,(formerly Janey's Creek & Bethel) S.B.C.,Woodruff
Mills Mill,Spartanburg,S.B.C.,Mills Mill Village
Unity,Spartanburg,(formerly Floyd's Meeting House) S.B.C.,
Green Pond,Spartanburg,S.B.C.,
Poplar Springs,Spartanburg,S.B.C.,
Church of God-Pent. Hol.,Spartanburg,Church of God-Pent. Hol.,Brandon Mill
Church of the Holy Cross,Sumter,Prot. Epis.,Statesburg
Church of the Holy Comforter,Sumter,Prot. Epis.,Sumter
St. James,Sumter,Evan.Luth.,Sumter
Trinity,Sumter,M.E.S.,Sumter
Hebron,Sumter,Presbyterian,Oswego
Bethel,Sumter,(Black River) S.B.C.,
Salem Black River,Sumter,Presbyterian,
First,Sumter,S.B.C.,Sumter
Sumter,Sumter,Presbyterian,Sumter
Concord,Sumter,Presbyterian,
Christian Disciples of Christ,Sumter,Christian Disciples of Christ,Sumter
Pinewood,Sumter,M.E.S.,Pinewood
St. Anne's,Sumter,Roman Catholic,Sumter
Pinewood,Sumter,S.B.C.,Pinewood
Graham,Sumter,S.B.C.,
Fraser Memorial,Sumter,Presbyterian,
St. Mark's Chapel,Sumter,Prot. Epis.,Pinewood
Pinewood Tabernacle,Sumter,Interdenom,
Zoar,Sumter,M.E.S.,
St. James,Sumter,A.M.E.,Pinewood
St. Matthew,Sumter,Negro Baptist,
Pearson's A.M.E. Chapel,Sumter,A.M.E.,
Mt. Olive,Sumter,A.M.E.,Pinewood
St. John's,Sumter,Negro Baptist,Pinewood
Pinewood,Sumter,Presbyterian,Pinewood
Stone Hill,Sumter,A.M.E.,Sumter
Shepherd,Sumter,A.M.E.,
Shiloh First,Sumter,Baptist (Negro),Sumter
Apostolic Mission-Hol. Ch. of America (Negro),Sumter,,Mayesville
Berry Spring,Sumter,Sanctified Holiness Ch. of God (Negro),
Evening Light Reformation-Hol. Ch. of America (Negro),Sumter,,Sumter
Apostolic Holiness-Hol. Ch. of America,Sumter,,Mayesville
Temple Sinai,Sumter,Soc. Israelites,Sumter
Grace,Sumter,S.B.C.,Sumter
Broad Street,Sumter,M.E.S.,Sumter
Providence,Sumter,S.B.C.,
Salem,Sumter,S.B.C.,Sumter
Wedgefield,Sumter,S.B.C.,Wedgefield
St. Mark's Upper,Sumter,Prot.Epis.,
Wedgefield,Sumter,M.E.S.,Wedgefield
Lewis M.E.S. Chapel,Sumter,M.E.S.,
Bethesda,Sumter,Negro Baptist,
Mt. Zion,Sumter,Negro Baptist,Sumter
New Bethel,Sumter,Negro Baptist,
Queen's Chapel,Sumter,A.M.E.,
Good Will,Sumter,Negro Epis,
Congruity,Sumter,Presbyterian (Negro),
St. Mark's,Sumter,A.M.E.,
Bethel,Sumter,A.M.E.,Sumter
Mulberry Negro,Sumter,,
St. Paul,Sumter,A.M.E.,
St. Mark's,Sumter,A.M.E.,Mayesville
Clark's,Sumter,A.M.E.,Oswego
Trinity,Sumter,Negro Baptist,Sumter
Pine Hill,Sumter,A.M.E.,
Orange Hill,Sumter,Ref. M.E. (Negro),
Orange Hill,Sumter,A.M.E.,
St. James Orange Hill,Sumter,M.E. (Negro),
Orange Hill,Sumter,A.M.E.,
St. James,Sumter,A.M.E.,
Mt. Moriah,Sumter,Negro Baptist,
Antioch,Sumter,A.M.E.,
Ebenezer,Sumter,A.M.E.,Mayesville
Salem,Sumter,A.F.W.B.,Sumter
Brown Negro Baptist Chapel,Sumter,Negro Baptist,
Trinity,Sumter,Presbyterian (Negro),Mayesville
Bethel,Sumter,M.E.S.,
Rembert,Sumter,M.E.S.,
Mayesville,Sumter,S.B.C.,Mayesville
Wedgefield,Sumter,Presbyterian,
Galilee,Sumter,Negro Baptist,Mayesville
Beulah,Sumter,A.M.E.,
Dalzell,Sumter,M.E.S.,Dalzell
Providence,Sumter,M.E.S.,
Union,Sumter,Negro Baptist,
Long Branch,Sumter,S.B.C.,
Horeb,Sumter,S.B.C.,
Horeb,Sumter,S.B.C.,Dalzell
Tirzah,Sumter,Presbyterian,Dalzell
Seventh Day Adventist,Sumter,Seventh Day Adventist,Sumter
Mt. Pisgah,Sumter,Negro Baptist,
Mt. Pisgah,Sumter,A.M.E.,Sumter
Union Sta.,Sumter,A.M.E.,Sumter
Ebenezer,Sumter,Presbyterian (Negro),
Joshua,Sumter,Negro Baptist,
Elizabeth,Sumter,M.E. (Negro),Borden
Grant Hill,Sumter,Negro Baptist,
Hill Hills of Santee,Sumter,S.B.C.,
Church of the Ascension,Sumter,Prot. Epis.,Hagood
Good Hope,Sumter,M.E.,
Second,Sumter,Presbyterian,Sumter
Rafting Creek,Sumter,Negro Baptist,
Antioch,Sumter,A.M.E.,
Mt. Bethel,Sumter,Negro Baptist,
A-Rembert Negro Baptist Chapel,Sumter,Negro Baptist,Rembert
Willow Grove,Sumter,A.M.E.,
Apostolic St. Rest,Sumter,Hol. Ch. of God (Negro),Mayesville
St. Mary's Prot. Epis. Chapel,Sumter,Prot. Epis.,Rimini
Pisgah,Sumter,S.B.C.,Pisgah Cross Roads
Church of God by Faith,Sumter,,Sumter
Bethlehem,Sumter,Negro Baptist,Sumter
Bethesda,Sumter,M.E.S.,
High Hills,Sumter,A.M.E.,
High Hills,Sumter,Negro Baptist,
Hopewell,Sumter,Negro Baptist,
Mt. Carmel,Sumter,Negro Baptist,
Weyman,Sumter,,
West Side,Union,S.B.C.,Union
Upper Fair Forest,Union,S.B.C.,
Hebron,Union,S.B.C.,
Grace M.E. Ch.,Union,M.E.,M.E.S.
Union Jonesville,Union,M.E.S.,Jonesville
Augsburg,Union,Evan. Lutheran,Union
Fairforest,Union,Presbyterian,Jonesville
Epis. Ch. of Nativity,Union,Prot.Epis.,Union
First,Union,Presbyterian,Union
First,Union,S.B.C.,Union
Seventh Day Adventist,Union,Seventh Day Adventist,Union
Monarch,Union,Presbyterian,Union
Bethel,Union,M.E.S.,
Mon-Aetna,Union,S.B.C.,Union
Church of Christ-Christian,Union,Church of Christ-Christian,Union
Padgett's Creek,Union,S.B.C.,Union
Tabernacle,Union,S.B.C.,
Church of God,Union,Church of God,Union
Green St.,Union,M.E.S.,Union
Sardis,Union,M.E.S.,
Holy Trinity,Union,Roman Catholic,Union
Sulphur Springs,Union,S.B.C.,
West Springs,Union,S.B.C.,West Springs
Phillipi,Union,S.B.C.,
Mt. Lebanon,Union,S.B.C.,
Putman,Union,S.B.C.,
Lower Fairforest,Union,S.B.C.,
Prospect,Union,S.B.C.,
Beulah,Union,S.B.C.,
Mt. Joy,Union,S.B.C.,Kelton
Salem,Union,S.B.C.,Santuc
Carlisle,Union,Baptist S.B.C.,Carlisle
Jonesville,Union,S.B.C.,Jonesville
Mt. Vernon,Union,Presbyterian,
Cane Creek,Union,Presbyterian,Santuc
Monarch,Union,Presbyterian,Monarch Mill Village
Bethesda,Union,Negro Baptist,
James Negro Baptist Chapel,Union,Negro Baptist,Carlisle
Maple Ridge,Union,Negro Baptist,
Foster Negro Baptist Chapel,Union,Negro Baptist,
Brown's Chapel,Union,S.B.C.,
Mt. Olive,Union,Negro Baptist,
Thompson Negro Baptist Chapel,Union,Negro Baptist,
Galilee,Union,Negro Baptist,
Emanuel Negro Baptist Chapel,Union,Negro Baptist,
Jerusalem,Union,Negro Baptist,
Bethany,Union,Negro Baptist,Jonesville
Mt. Calvary,Union,Negro Baptist,
Beatey's A.M.E. Zion Chapel,Union,A.M.E. Zion,
Thomas A.M.E. Chapel,Union,A.M.E.,
Clinton A.M.E. Zion Chapel,Union,A.M.E. Zion,Union
Bethel,Union,Negro Baptist,
Jeter A.M.E. Chapel,Union,A.M.E.,
Spring Hill,Union,C.M.E.,
Evergreen,Union,A.M.E.,
Paradise,Union,A.M.E.,
Mt. Eden,Union,A.M.E.,Carlisle
Williams A.M.E. Zion Chapel,Union,A.M.E. Zion,Carlisle
Lockhart,Union,M.E.S.,Lockhart
Lockhart,Union,S.B.C.,Lockhart
Enoree,Union,Presbyterian,Sedalia
Gillams M.E.S. Chapel,Union,M.E.S.,
Rogansville,Union,M.E.,Buffalo
Lower Fairforest,Union,Baptist,Union
Carlisle,Union,M.E.S.,Carlisle
New Hope,Union,M.E.S.,
Bogansville,Union,M.E.S.,
Union,Union,Holiness,Union
Flat Rock,Union,M.E.S.,
Quaker,Union,M.E.S.,Sedalia
Bethlehem,Union,M.E.S.,
Buffalo,Union,S.B.C.,Buffalo
Gilead,Union,S.B.C.,
Buffalo,Union,M.E.S.,Buffalo
Fairview,Union,S.B.C.,
Foster's Chapel,Union,M.E.S.,Kelton
Unity,Union,M.E.,Union
Beulah,Union,S.B.C.,Union
Flat Rock,Union,M.E.,
Buffalo,Union,Meth. Epis.,Buffalo
Bethlehem,Union,M.E.,
Salvation Army-Prot.,Union,Salvation Army-Prot.,Union
Lockhart,Union,M.E.,Lockhart
New Hope,Union,M.E.S.,
Greeleyville,Williamsburg,S.B.C.,Greeleyville
McDowell,Williamsburg,Presbyterian,Greeleyville
Williamsburg,Williamsburg,Presbyterian,Kingstree
Friendship,Williamsburg,A.M.E.,
Kingstree,Williamsburg,M.E.S.,Kingstree
Indiantown,Williamsburg,Presbyterian,Indiantown Community
St. Ann's,Williamsburg,Roman Catholic,Kingstree
St. James,Williamsburg,A.M.E.,
Marion,Williamsburg,Negro Baptist,
Jerusalem,Williamsburg,A.M.E.,Sutton
Jehovia,Williamsburg,A.M.E.,Salters
St. Philips,Williamsburg,A.M.E.,Salters
St. Mary,Williamsburg,A.M.E.,Salters
Bethel,Williamsburg,A.M.E.,
Nazareth,Williamsburg,A.M.E.,
Great Pleasant,Williamsburg,A.M.E.,
St. Peter's,Williamsburg,Negro Baptist,
Charity,Williamsburg,Negro Baptist,
Cedar Grove,Williamsburg,Negro Baptist,
Johnson Swamp,Williamsburg,Pent. Holiness,
St. John,Williamsburg,A.M.E.,Trio
New Jerusalem,Williamsburg,C.M.E.,Blakeley
St. Matthew,Williamsburg,Negro Baptist,Salters
Macedonia No. 1,Williamsburg,Negro Baptist,
Central,Williamsburg,Negro Baptist,
Wesley,Williamsburg,C.M.E.,
Black Mingo,Williamsburg,Presbyterian,
Union,Williamsburg,Negro Baptist,
Black River,Williamsburg,Negro Baptist,
St. Luke,Williamsburg,Negro Baptist,
Laurel Swamp,Williamsburg,Negro Baptist,
Mt. Pilgrim,Williamsburg,Negro Baptist,
Oak Grove,Williamsburg,Negro Baptist,
Bethlehem,Williamsburg,Negro Baptist,
St. Luke,Williamsburg,A.M.E.,
Workman,Williamsburg,M.E.S.,Workman
Beulah,Williamsburg,M.E.S.,
Earls,Williamsburg,M.E.S.,Earls
Elim,Williamsburg,M.E.S.,
Hemingway,Williamsburg,M.E.S.,Hemingway
Lane,Williamsburg,S.B.C.,Lane
First,Williamsburg,Baptist S.B.C.,Hemingway
Lane,Williamsburg,Presbyterian,Lane
Bethel,Williamsburg,M.E. (Negro),
St. Mark,Williamsburg,A.M.E.,
Brewington A.M.E. Chapel,Williamsburg,A.M.E.,
Asbury,Williamsburg,M.E. (Negro),
Mt. Zion,Williamsburg,A.M.E.,
St. John,Williamsburg,Negro Baptist,
Good Hope,Williamsburg,Negro Baptist,Greeleyville
Allan Freewill Baptist Chapel (Negro),Williamsburg,Freewill Baptist,
Mt. Zion,Williamsburg,A.M.E.,
Millwood,Williamsburg,M.E.S.,
Pergamas,Williamsburg,M.E.S.,
Lane,Williamsburg,M.E.Ch.S.,Lane
Trio,Williamsburg,M.E.Ch.S.,Trio
Central,Williamsburg,Presbyterian,
Mouzon,Williamsburg,Presbyterian,
Union,Williamsburg,Presbyterian,
Bethel,Williamsburg,Presbyterian,
Greeleyville,Williamsburg,M.E.S.,Greeleyville
Mt. Vernon,Williamsburg,M.E.S.,
Spring Gully,Williamsburg,S.B.C.,
Oak Ridge,Williamsburg,Pent.Hol.,Andrews
Concord,Williamsburg,M.E.S.,
St. Mary,Williamsburg,C.M.E.,
Siloan,Williamsburg,Negro Baptist,Kingstree
Beulah,Williamsburg,A.M.E.,
Cades,Williamsburg,S.B.C.,Cades
Ebenezer,Williamsburg,S.B.C.,
St. Stephen,Williamsburg,Negro Baptist,
Long Branch,Williamsburg,C.M.E.,
Trinity,Williamsburg,Negro Baptist,Greeleyville
Wilson M.E. Chapel (Negro),Williamsburg,M.E.,Greeleyville
Sutton,Williamsburg,M.E.S.,
Black Mingo Church,Williamsburg,S.B.C.,Rhems
Bloomingvale,Williamsburg,S.B.C.,
Nesmith,Williamsburg,S.B.C.,Nesmith
Antioch,Williamsburg,Negro Baptist,
St. Michel,Williamsburg,A.M.E.,
Mt. Zion,Williamsburg,M.E. (Negro),Kingstree
Harmony,Williamsburg,M.E.S.,
Salters,Williamsburg,M.E.S.,Salters
Bethel,Williamsburg,A.M.E.,Kingstree
St. John,Williamsburg,Negro Baptist,
St. John,Williamsburg,M.E.S.,
St. Luke,Williamsburg,A.M.E.,
St. James,Williamsburg,Negro Baptist,
Vox Memorial,Williamsburg,M.E.S.,
St. Paul,Williamsburg,A.M.E.,
Bethesda,Williamsburg,C.M.E.,
Elizah,Williamsburg,A.M.E.,
St. Stephen Union,Williamsburg,Methodist,
St. Paul,Williamsburg,C.M.E.,
Wilson's C.M.E. Chapel,Williamsburg,C.M.E.,
Hebron,Williamsburg,M.E.S.,
Sandy Grove,Williamsburg,African Freewill Baptist,
Good Will,Williamsburg,African Freewill Baptist,
Hickory Grove,Williamsburg,A.M.E.,
Midway,Williamsburg,S.B.C.,
Chavis A.M.E. Chapel,Williamsburg,A.M.E.,
Bethesda,Williamsburg,M.E.S.,
Cades,Williamsburg,M.E.S.,Cades
Lower St. Marks,Williamsburg,M.E.S.,
St. Albans,Williamsburg,Prot. Epis.,Kingstree
St. Asia,Williamsburg,Negro Baptist,
Promised Land,Williamsburg,Negro Baptist,
Dickey Negro Methodist Chapel,Williamsburg,Negro Methodist,
New Bethel,Williamsburg,Negro Baptist,
Mt. Zion,Williamsburg,Negro Baptist,
Antioch,Williamsburg,Negro Baptist,Lane
Rock,Williamsburg,Negro Baptist,
Bethel,Williamsburg,A.M.E.,
Lanes A.M.E. Chapel,Williamsburg,A.M.E.,
Midway,Williamsburg,Baptist A.F.W.B.,
Cedar Grove,Williamsburg,S.B.C.,
Kingstree,Williamsburg,S.B.C.,Kingstree
Freewill Baptist,Williamsburg,Freewill Baptist,Greeleyville
York First,York,S.B.C.,York
York,York,A.R.P.,York
Filbert,York,Presbyterian,
Filbert: Bethlehem First,York,Presbyterian (Negro),
Olivet,York,Presbyterian,McConnellville
Hopewell,York,Presbyterian,Leslie
Tirzah,York,A.R.P.,
St. Paul,York,M.E.S.,
Rock Grove,York,A.M.E.Zion,
Flint Hill,York,Negro Baptist,
St. Matthew,York,A.M.E.Zion,
The Ch. of Our Saviour,York,Prot.Epis.,Rock Hill
Grace,York,Evan. Luth.,Rock Hill
Bethesda,York,Presbyterian,
St. John's,York,Meth. Epis.South,Rock Hill
Rock Hill First,York,S.B.C.,Rock Hill
Flint Hill,York,S.B.C.,
Fort Mill First,York,S.B.C.,Fort Hill
Oakland Ave.,York,Presbyterian,Rock Hill
Highland Park,York,M.E.S.,Rock Hill
Hill's A.M.E. Chapel,York,A.M.E.,
Adnah,York,M.E.S.,
Ezelle,York,A.M.E.Zion,
North Side,York,S.B.C.,Rock Hill
Smith's,York,Presbyterian,Smith's Turnout
West Main Street,York,M.E.S.,Rock Hill
Park,York,Baptist S.B.C.,Rock Hill
Ch. of the,York,Nazarene-Holiness,Rock Hill
St. John's,York,M.E.S.,Fort Mill
Cedar Grove,York,A.M.E.Zion,Smith's Turnout
Trinity,York,M.E.S.,York
Clover,York,Presbyterian,Clover
Mt. Prospect,York,Negro Baptist,Rock Hill
Flat Rock,York,Negro Baptist,
Center Attraction,York,A.M.E. Zion,Clover
Liberty Hill,York,Negro Baptist,
Neely's Creek A.R.P. Leslie,York,,
Tirzah,York,Presbyterian,Tirzah
Clover,York,A.R.P.,Clover
Unity,York,Presbyterian,Fort Mill
Ebenezer,York,Presbyterian,Ebenezer
Smyrna,York,A.R.P.,Smyrna
Good Shepherd,York,Prot. Epis.,York
Clover First,York,S.B.C.,Clover
King's Mt. Chapel,York,M.E.S.,
White Street,York,S.B.C.,Rock Hill
Catawba,York,S.B.C.,